TABLE_NUM,FEATURE_ID,DISTRICT,MAP_ID,POLYGON_ID,LAYER_ID,PROJECTION_YEAR,PRJ_TOTAL_AGE,SPECIES_1_CODE,SPECIES_1_PCNT,SPECIES_2_CODE,SPECIES_2_PCNT,SPECIES_3_CODE,SPECIES_3_PCNT,SPECIES_4_CODE,SPECIES_4_PCNT,SPECIES_5_CODE,SPECIES_5_PCNT,SPECIES_6_CODE,SPECIES_6_PCNT,PRJ_PCNT_STOCK,PRJ_SITE_INDEX,PRJ_DOM_HT,PRJ_SCND_HT,PRJ_LOREY_HT,PRJ_DIAMETER,PRJ_TPH,PRJ_BA,PRJ_VOL_WS,PRJ_VOL_CU,PRJ_VOL_D,PRJ_VOL_DW,PRJ_VOL_DWB,PRJ_SP1_VOL_WS,PRJ_SP1_VOL_CU,PRJ_SP1_VOL_D,PRJ_SP1_VOL_DW,PRJ_SP1_VOL_DWB,PRJ_SP2_VOL_WS,PRJ_SP2_VOL_CU,PRJ_SP2_VOL_D,PRJ_SP2_VOL_DW,PRJ_SP2_VOL_DWB,PRJ_SP3_VOL_WS,PRJ_SP3_VOL_CU,PRJ_SP3_VOL_D,PRJ_SP3_VOL_DW,PRJ_SP3_VOL_DWB,PRJ_SP4_VOL_WS,PRJ_SP4_VOL_CU,PRJ_SP4_VOL_D,PRJ_SP4_VOL_DW,PRJ_SP4_VOL_DWB,PRJ_SP5_VOL_WS,PRJ_SP5_VOL_CU,PRJ_SP5_VOL_D,PRJ_SP5_VOL_DW,PRJ_SP5_VOL_DWB,PRJ_SP6_VOL_WS,PRJ_SP6_VOL_CU,PRJ_SP6_VOL_D,PRJ_SP6_VOL_DW,PRJ_SP6_VOL_DWB,PRJ_MODE
1,"2493719","","092H014",600,"1",1876,0,"FDC",95.00,"PLI",5.00,,,,,,,,,61.00,18.55000,0.00000,,,,,,,,,,,,,,,,,,,,,,,,,,,,,,,,,,,,,,,,,"Back"
1,"2493719","","092H014",600,"1",1886,10,"FDC",95.00,"PLI",5.00,,,,,,,,,61.00,18.55000,1.29781,,,,,,,,,,,,,,,,,,,,,,,,,,,,,,,,,,,,,,,,,"Back"
1,"2493719","","092H014",600,"1",1896,20,"FDC",95.00,"PLI",5.00,,,,,,,,,61.00,18.55000,5.64515,,,,,,,,,,,,,,,,,,,,,,,,,,,,,,,,,,,,,,,,,"Back"
1,"2493719","","092H014",600,"1",1906,30,"FDC",95.00,"PLI",5.00,,,,,,,,,61.00,18.55000,9.88270,,7.67040,12.36,790.09,9.481120,27.42960,12.70450,12.68610,12.67280,12.18960,25.50640,11.45630,11.44260,11.43070,10.97240,1.92320,1.24820,1.24350,1.24210,1.21720,,,,,,,,,,,,,,,,,,,,,"Back"
1,"2493719","","092H014",600,"1",1916,40,"FDC",95.00,"PLI",5.00,,,,,,,,,61.00,18.55000,13.39345,,10.82790,15.66,853.70,16.447420,65.95510,46.21250,46.08360,46.01650,44.23840,61.52890,42.69490,42.59050,42.53080,40.82300,4.42620,3.51760,3.49310,3.48570,3.41540,,,,,,,,,,,,,,,,,,,,,"Back"
1,"2493719","","092H014",600,"1",1926,50,"FDC",95.00,"PLI",5.00,,,,,,,,,61.00,18.55000,16.25583,,13.50730,18.88,765.08,21.430151,104.98570,86.23760,85.84760,85.68330,82.35180,98.19310,80.34380,80.01870,79.87390,76.66030,6.79260,5.89380,5.82890,5.80940,5.69150,,,,,,,,,,,,,,,,,,,,,"Back"
1,"2493719","","092H014",600,"1",1936,60,"FDC",95.00,"PLI",5.00,,,,,,,,,61.00,18.55000,18.61306,,15.77280,21.95,671.42,25.396191,142.50450,125.11660,124.31830,124.02600,119.15421,133.55090,117.03420,116.35970,116.10420,111.39410,8.95360,8.08240,7.95860,7.92180,7.76010,,,,,,,,,,,,,,,,,,,,,"Back"
1,"2493719","","092H014",600,"1",1946,70,"FDC",95.00,"PLI",5.00,,,,,,,,,61.00,18.55000,20.58311,,17.70230,24.82,593.02,28.701981,177.68689,161.03668,159.71631,159.27649,152.95090,166.78510,151.00029,149.87570,149.49409,143.36929,10.90180,10.03640,9.84060,9.78240,9.58160,,,,,,,,,,,,,,,,,,,,,"Back"
1,"2493719","","092H014",600,"1",1956,80,"FDC",95.00,"PLI",5.00,,,,,,,,,61.00,18.55000,22.25369,,19.36200,27.53,529.91,31.536900,210.34030,193.93030,192.00191,191.40051,183.71739,197.68690,182.15199,180.50160,179.98311,172.53549,12.65340,11.77830,11.50030,11.41740,11.18190,,,,,,,,,,,,,,,,,,,,,"Back"
1,"2493719","","092H014",600,"1",1966,90,"FDC",95.00,"PLI",5.00,,,,,,,,,61.00,18.55000,23.68902,,20.80410,30.07,479.10,34.017239,240.54199,224.07700,221.47070,220.69440,211.74420,226.30829,210.73430,208.49750,207.83209,199.14870,14.23370,13.34270,12.97320,12.86230,12.59550,,,,,,,,,,,,,,,,,,,,,"Back"
1,"2493719","","092H014",600,"1",1976,100,"FDC",95.00,"PLI",5.00,,,,,,,,,61.00,18.55000,24.93655,,22.06890,32.46,437.75,36.220612,268.46890,251.78911,248.44411,247.47919,237.34480,252.80751,237.03410,234.15840,233.33549,223.49631,15.66140,14.75500,14.28570,14.14370,13.84850,,,,,,,,,,,,,,,,,,,,,"Back"
1,"2493719","","092H014",600,"1",1986,110,"FDC",95.00,"PLI",5.00,,,,,,,,,61.00,18.55000,26.03187,,23.18770,34.72,403.59,38.201561,294.33069,277.35760,273.21890,272.05038,260.80600,277.36960,261.31601,257.75409,256.76199,245.83850,16.96110,16.04160,15.46480,15.28840,14.96750,,,,,,,,,,,,,,,,,,,,,"Back"
1,"2493719","","092H014",600,"1",1996,120,"FDC",95.00,"PLI",5.00,,,,,,,,,61.00,18.55000,27.00209,,24.18510,36.85,375.00,40.000019,318.33301,301.03540,296.05228,294.66510,282.37781,300.18481,283.81641,279.52469,278.35150,266.40860,18.14820,17.21900,16.52760,16.31360,15.96920,,,,,,,,,,,,,,,,,,,,,"Ref"
1,"2493719","","092H014",600,"1",2006,130,"FDC",95.00,"PLI",5.00,,,,,,,,,61.00,18.55000,27.86822,,25.02050,38.27,361.12,41.547604,340.29510,322.54758,316.75269,315.16479,301.93692,321.14920,304.35208,299.35309,298.01291,285.14893,19.14590,18.19550,17.39960,17.15190,16.78800,,,,,,,,,,,,,,,,,,,,,"Frwd"
1,"2493719","","092H014",600,"1",2016,140,"FDC",95.00,"PLI",5.00,,,,,,,,,61.00,18.55000,28.64675,,25.74730,39.23,353.94,42.771351,359.60532,341.43161,334.79041,333.00031,318.95300,339.56680,322.36511,316.63040,315.12311,301.45709,20.03850,19.06650,18.16000,17.87720,17.49590,,,,,,,,,,,,,,,,,,,,,"Frwd"
1,"2493719","","092H014",600,"1",2026,150,"FDC",95.00,"PLI",5.00,,,,,,,,,61.00,18.55000,29.35085,,26.29730,39.71,352.47,43.658291,374.78387,356.24271,348.81027,346.83591,332.15448,354.03418,336.48550,330.06448,328.40561,314.11929,20.74970,19.75720,18.74580,18.43030,18.03520,,,,,,,,,,,,,,,,,,,,,"Frwd"
1,"2493719","","092H014",600,"1",2036,160,"FDC",95.00,"PLI",5.00,,,,,,,,,61.00,18.55000,29.99112,,26.65890,39.78,355.91,44.237118,385.51550,366.66620,358.52609,356.38989,341.27341,364.24609,346.40939,339.37640,337.58490,322.87350,21.26940,20.25680,19.14970,18.80500,18.39990,,,,,,,,,,,,,,,,,,,,,"Frwd"
1,"2493719","","092H014",600,"1",2046,170,"FDC",95.00,"PLI",5.00,,,,,,,,,61.00,18.55000,30.57621,,26.89940,39.71,360.75,44.670410,393.47040,374.36191,365.56409,363.27533,347.84329,371.80911,353.73050,346.13040,344.21402,329.19470,21.66130,20.63140,19.43370,19.06130,18.64860,,,,,,,,,,,,,,,,,,,,,"Frwd"
1,"2493719","","092H014",600,"1",2056,180,"FDC",95.00,"PLI",5.00,,,,,,,,,61.00,18.55000,31.11325,,27.06960,39.71,364.06,45.083828,399.95746,380.63559,371.19427,368.74857,353.05649,377.98407,359.70590,351.55109,349.50568,334.23230,21.97340,20.92970,19.64320,19.24290,18.82420,,,,,,,,,,,,,,,,,,,,,"Frwd"
1,"2493719","","092H014",600,"1",2066,190,"FDC",95.00,"PLI",5.00,,,,,,,,,61.00,18.55000,31.60818,,27.19300,39.79,365.84,45.492851,405.45148,385.95273,375.87399,373.26541,357.34879,383.22089,364.77643,356.07230,353.89270,338.39969,22.23060,21.17630,19.80170,19.37270,18.94910,,,,,,,,,,,,,,,,,,,,,"Frwd"
1,"2493719","","092H014",600,"1",2076,200,"FDC",95.00,"PLI",5.00,,,,,,,,,61.00,18.55000,32.06598,,27.28600,39.96,366.11,45.909058,410.29791,390.65112,379.93491,377.15512,361.03571,387.84821,369.26361,360.01001,357.68912,341.99750,22.44970,21.38750,19.92490,19.46600,19.03820,,,,,,,,,,,,,,,,,,,,,"Frwd"
1,"2493719","","092H014",600,"1",2086,210,"FDC",95.00,"PLI",5.00,,,,,,,,,61.00,18.55000,32.49085,,27.28940,40.15,365.57,46.275471,413.12762,393.37939,382.06870,379.11548,362.87430,390.53662,371.85410,362.09109,359.62698,343.81628,22.59100,21.52530,19.97760,19.48850,19.05800,,,,,,,,,,,,,,,,,,,,,"Frwd"
1,"2493719","","092H014",600,"1",2096,220,"FDC",95.00,"PLI",5.00,,,,,,,,,61.00,18.55000,32.88638,,27.29800,40.39,364.20,46.655598,416.02179,396.18118,384.26431,381.12970,364.76093,393.29300,374.52039,364.23770,361.62390,345.68832,22.72880,21.66080,20.02660,19.50580,19.07260,,,,,,,,,,,,,,,,,,,,,"Frwd"
1,"2493719","","092H014",600,"1",2106,230,"FDC",95.00,"PLI",5.00,,,,,,,,,61.00,18.55000,33.25563,,27.30650,40.62,362.82,47.019791,418.78992,398.86081,386.33719,383.01859,366.52731,395.92880,377.07010,366.26709,363.50159,347.44611,22.86110,21.79070,20.07010,19.51700,19.08120,,,,,,,,,,,,,,,,,,,,,"Frwd"
1,"2493719","","092H014",600,"1",2116,240,"FDC",95.00,"PLI",5.00,,,,,,,,,61.00,18.55000,33.60126,,27.31470,40.85,361.48,47.369381,421.44110,401.42743,388.29639,384.79089,368.18201,398.45490,379.51352,368.18970,365.27039,349.09982,22.98620,21.91390,20.10670,19.52050,19.08220,,,,,,,,,,,,,,,,,,,,,"Frwd"
1,"2493719","","092H014",600,"1",2126,250,"FDC",95.00,"PLI",5.00,,,,,,,,,61.00,18.55000,33.92556,,27.32280,41.07,360.17,47.705582,423.98758,403.89221,390.15347,386.45810,369.73608,400.88019,381.85910,370.01428,366.93900,350.65768,23.10740,22.03310,20.13920,19.51910,19.07840,,,,,,,,,,,,,,,,,,,,,"Frwd"
2,"2558002","","092H073",2185,"1",1976,0,"BA",45.00,"HW",20.00,"CW",20.00,"SE",10.00,"FD",5.00,,,91.00,20.00000,0.00000,,,,,,,,,,,,,,,,,,,,,,,,,,,,,,,,,,,,,,,,,"Back"
2,"2558002","","092H073",2185,"1",1986,10,"BA",45.00,"HW",20.00,"CW",20.00,"SE",10.00,"FD",5.00,,,91.00,20.00000,1.17914,,,,,,,,,,,,,,,,,,,,,,,,,,,,,,,,,,,,,,,,,"Back"
2,"2558002","","092H073",2185,"1",1996,20,"BA",45.00,"HW",20.00,"CW",20.00,"SE",10.00,"FD",5.00,,,91.00,20.00000,4.93462,,,,,,,,,,,,,,,,,,,,,,,,,,,,,,,,,,,,,,,,,"Ref"
2,"2558002","","092H073",2185,"1",2006,30,"BA",45.00,"HW",20.00,"CW",20.00,"SE",10.00,"FD",5.00,,,91.00,20.00000,9.05100,,7.86080,11.35,886.86,8.971451,30.54360,14.46070,14.37120,14.30720,13.67410,15.32380,7.25000,7.23020,7.22240,6.90360,5.55400,2.29270,2.28440,2.27830,2.18620,5.29990,2.03230,1.97780,1.93270,1.82590,2.80920,1.71360,1.70890,1.70560,1.63700,1.55670,1.17210,1.16990,1.16820,1.12140,,,,,,"Frwd"
2,"2558002","","092H073",2185,"1",2016,40,"BA",45.00,"HW",20.00,"CW",20.00,"SE",10.00,"FD",5.00,,,91.00,20.00000,13.04016,,11.08430,13.53,1972.05,28.334251,137.18010,86.93630,86.00910,85.52401,81.63670,66.02050,38.88660,38.72010,38.65990,36.92190,25.93930,15.61950,15.53720,15.49510,14.86490,24.40400,15.74750,15.13060,14.77730,13.92610,13.77830,10.66320,10.62180,10.60220,10.17570,7.03800,6.01950,5.99940,5.98950,5.74810,,,,,,"Frwd"
2,"2558002","","092H073",2185,"1",2026,50,"BA",45.00,"HW",20.00,"CW",20.00,"SE",10.00,"FD",5.00,,,91.00,20.00000,16.71689,,14.28420,15.99,2211.13,44.383995,273.53049,207.38290,204.15559,202.77240,193.27710,129.48669,92.61060,91.98810,91.77670,87.55050,52.78400,38.89190,38.58920,38.46180,36.86380,48.62840,38.70320,36.59380,35.62010,33.44240,28.70300,24.59220,24.46350,24.41620,23.43260,13.92840,12.58500,12.52100,12.49760,11.98780,,,,,,"Frwd"
2,"2558002","","092H073",2185,"1",2036,60,"BA",45.00,"HW",20.00,"CW",20.00,"SE",10.00,"FD",5.00,,,91.00,20.00000,20.00001,,17.23660,18.62,2079.53,56.612476,412.73880,345.01849,337.94070,335.28232,319.13708,194.30141,156.12440,154.58771,154.09311,146.82280,80.72000,66.64680,65.90460,65.62620,62.82000,72.51610,62.95220,58.54870,56.78530,53.10820,44.36700,39.94380,39.68050,39.59870,38.00090,20.83430,19.35130,19.21920,19.17900,18.38520,,,,,,"Frwd"
2,"2558002","","092H073",2185,"1",2046,70,"BA",45.00,"HW",20.00,"CW",20.00,"SE",10.00,"FD",5.00,,,91.00,20.00000,22.88229,,19.89870,21.34,1844.97,65.997925,543.85071,479.51633,467.38910,463.22339,440.32397,256.13251,220.24380,217.27879,216.36490,205.92039,107.21750,94.15070,92.70690,92.20120,88.12680,94.10620,84.85030,77.78190,75.21540,70.10440,59.19840,54.63690,54.20570,54.08540,51.88170,27.19610,25.63460,25.41580,25.35650,24.29070,,,,,,"Frwd"
2,"2558002","","092H073",2185,"1",2056,80,"BA",45.00,"HW",20.00,"CW",20.00,"SE",10.00,"FD",5.00,,,91.00,20.00000,25.39848,,22.28570,24.11,1606.03,73.333710,663.47607,603.16162,585.17810,579.38501,550.06042,313.64362,280.86090,275.98849,274.54089,261.01312,131.27570,119.25690,116.85680,116.05440,110.75730,113.08750,103.88080,94.10940,90.80670,84.40150,72.60190,67.91920,67.29960,67.13950,64.36210,32.86740,31.24380,30.92380,30.84350,29.52640,,,,,,"Frwd"
2,"2558002","","092H073",2185,"1",2066,90,"BA",45.00,"HW",20.00,"CW",20.00,"SE",10.00,"FD",5.00,,,91.00,20.00000,27.59972,,24.43670,26.90,1392.99,79.195831,772.20380,715.26678,690.87946,683.39758,648.10870,366.84198,337.06482,329.87460,327.80539,311.35730,152.94449,141.61990,138.06900,136.92720,130.50211,129.93770,120.59590,108.20310,104.23650,96.66960,84.58430,79.76649,78.94560,78.74500,75.44289,37.89540,36.21970,35.78710,35.68350,34.13680,,,,,,"Frwd"
2,"2558002","","092H073",2185,"1",2076,100,"BA",45.00,"HW",20.00,"CW",20.00,"SE",10.00,"FD",5.00,,,91.00,20.00000,29.53839,,26.38270,29.71,1211.73,83.995911,870.71777,816.28949,785.12305,775.90320,735.13916,416.19299,388.71820,378.92508,376.18359,357.02060,172.12109,161.35500,156.48689,154.96910,147.51740,144.89030,135.35399,120.43600,115.84740,107.23260,95.18030,90.24120,89.20980,88.96700,85.18820,42.33310,40.62110,40.06530,39.93610,38.18030,,,,,,"Frwd"
2,"2558002","","092H073",2185,"1",2086,110,"BA",45.00,"HW",20.00,"CW",20.00,"SE",10.00,"FD",5.00,,,91.00,20.00000,31.26122,,28.15490,32.52,1059.87,88.027412,960.29669,907.63428,869.41541,858.40662,812.61530,462.17551,436.37012,423.76389,420.32040,398.63629,189.14841,178.80150,172.48450,170.56200,162.18130,158.18170,148.44650,131.08870,125.89090,116.32290,104.53670,99.49540,98.24600,97.95860,93.74650,46.25440,44.52070,43.83230,43.67470,41.72830,,,,,,"Frwd"
2,"2558002","","092H073",2185,"1",2096,120,"BA",45.00,"HW",20.00,"CW",20.00,"SE",10.00,"FD",5.00,,,91.00,20.00000,32.80718,,29.77370,35.20,937.76,91.251564,1040.12708,988.61768,943.24652,930.44244,880.13708,503.83258,479.15530,463.63141,459.48132,435.52502,204.01839,193.96460,186.11490,183.77371,174.57120,169.94611,160.02879,140.32840,134.53630,124.10510,112.66840,107.54890,106.07880,105.74590,101.14720,49.66160,47.92010,47.09300,46.90520,44.78860,,,,,,"Frwd"
2,"2558002","","092H073",2185,"1",2106,130,"BA",45.00,"HW",20.00,"CW",20.00,"SE",10.00,"FD",5.00,,,91.00,20.00000,34.20781,,31.25090,37.53,845.41,93.525223,1108.48035,1057.68713,1005.30627,990.78796,936.59631,539.54913,515.58630,497.17422,492.34491,466.44769,216.63490,206.77330,197.36981,194.61900,184.71480,180.19989,170.13710,148.22420,141.87970,130.68401,119.56551,114.39660,112.71110,112.33500,107.40260,52.53090,50.79380,49.82690,49.60930,47.34720,,,,,,"Frwd"
2,"2558002","","092H073",2185,"1",2116,140,"BA",45.00,"HW",20.00,"CW",20.00,"SE",10.00,"FD",5.00,,,91.00,20.00000,35.48820,,32.60320,39.48,776.18,95.034805,1166.72241,1116.41357,1057.22681,1041.09607,983.57751,569.71497,546.22498,524.99170,519.51630,491.98172,227.40450,217.67191,206.71651,203.57310,193.06889,189.17821,179.01010,155.01030,148.16069,136.28780,125.46490,120.27120,118.37850,117.96230,112.74200,54.95970,53.23530,52.12980,51.88360,49.49710,,,,,,"Frwd"
2,"2558002","","092H073",2185,"1",2126,150,"BA",45.00,"HW",20.00,"CW",20.00,"SE",10.00,"FD",5.00,,,91.00,20.00000,36.66827,,33.69620,40.93,728.43,95.851418,1210.13721,1160.20276,1094.88354,1077.33154,1017.31458,591.98242,568.81720,545.01599,538.96417,510.21710,235.46770,225.82770,213.42801,209.93019,198.97421,196.03230,185.80809,160.00119,152.72090,140.32480,129.89259,124.69590,122.61870,122.16870,116.73020,56.76230,55.05390,53.81970,53.54760,51.06830,,,,,,"Frwd"
2,"2558002","","092H073",2185,"1",2136,160,"BA",45.00,"HW",20.00,"CW",20.00,"SE",10.00,"FD",5.00,,,91.00,20.00000,37.76383,,34.46650,41.80,700.38,96.091988,1237.61609,1187.95837,1117.50500,1098.79211,1037.19348,605.67072,582.72113,556.74939,550.21851,520.72339,240.61670,231.03770,217.38501,213.58861,202.34489,200.53510,190.29321,163.03920,155.42209,142.68199,132.83789,127.64700,125.41850,124.94300,119.36240,57.95570,56.25940,54.91290,54.61980,52.08080,,,,,,"Frwd"
2,"2558002","","092H073",2185,"1",2146,170,"BA",45.00,"HW",20.00,"CW",20.00,"SE",10.00,"FD",5.00,,,91.00,20.00000,38.78751,,35.00770,42.30,683.85,96.099228,1255.25146,1205.78894,1130.89526,1111.18640,1048.57288,614.22870,591.41779,563.55359,556.60895,526.64679,244.04871,234.50360,219.73450,215.67790,204.24590,203.53360,193.29050,164.83719,156.93971,143.97040,134.74840,129.56920,127.21100,126.71390,121.04060,58.69200,57.00790,55.55910,55.24590,52.66920,,,,,,"Frwd"
2,"2558002","","092H073",2185,"1",2156,180,"BA",45.00,"HW",20.00,"CW",20.00,"SE",10.00,"FD",5.00,,,91.00,20.00000,39.74946,,35.39410,42.72,670.91,96.162979,1268.24646,1218.93823,1139.91528,1119.24817,1055.87830,620.68646,597.98279,568.32300,560.98553,530.66852,246.52600,237.01100,221.17979,216.86630,205.29530,205.68900,195.44540,165.93741,157.77310,144.63660,136.12019,130.94940,128.47229,127.95400,122.21320,59.22470,57.54960,56.00280,55.66920,53.06470,,,,,,"Frwd"
2,"2558002","","092H073",2185,"1",2166,190,"BA",45.00,"HW",20.00,"CW",20.00,"SE",10.00,"FD",5.00,,,91.00,20.00000,40.65792,,35.67070,43.09,660.51,96.303146,1278.42004,1229.22144,1146.27527,1124.66772,1060.69910,625.91034,603.28461,571.88977,564.17133,533.56592,248.40010,238.91119,222.05211,217.48039,205.80130,207.31639,197.06850,166.60629,158.18260,144.91780,137.12740,131.96199,129.37349,128.83371,123.04131,59.66580,57.99510,56.35350,55.99970,53.37280,,,,,,"Frwd"
2,"2558002","","092H073",2185,"1",2176,200,"BA",45.00,"HW",20.00,"CW",20.00,"SE",10.00,"FD",5.00,,,91.00,20.00000,41.51963,,35.86970,43.43,651.74,96.531868,1287.01514,1237.88245,1151.14050,1128.59253,1064.11487,630.49567,607.92242,574.82281,566.72809,535.86914,249.94260,240.47279,222.60620,217.77301,206.00340,208.59779,198.34171,166.99620,158.31299,144.94461,137.97150,132.80510,130.11031,129.54900,123.71360,60.00770,58.34040,56.60490,56.22950,53.58410,,,,,,"Frwd"
2,"2558002","","092H073",2185,"1",2186,210,"BA",45.00,"HW",20.00,"CW",20.00,"SE",10.00,"FD",5.00,,,91.00,20.00000,42.34015,,35.87910,43.63,647.46,96.792320,1289.77747,1240.64734,1150.64575,1127.23657,1062.58276,632.35229,609.79114,575.18127,566.74847,535.78339,250.30519,240.84500,222.08800,217.00600,205.20959,208.88901,198.61990,166.58910,157.67320,144.27859,138.13249,132.96111,130.17731,129.59550,123.74920,60.09850,58.43030,56.61010,56.21340,53.56200,,,,,,"Frwd"
2,"2558002","","092H073",2185,"1",2196,220,"BA",45.00,"HW",20.00,"CW",20.00,"SE",10.00,"FD",5.00,,,91.00,20.00000,43.12411,,35.88860,43.85,643.06,97.117119,1293.27527,1244.12805,1150.83105,1126.53845,1061.66870,634.61450,612.05585,575.91339,567.13617,536.04443,250.79489,241.34210,221.68069,216.34180,204.51149,209.26170,198.97580,166.26210,157.10760,143.67979,138.38501,133.20520,130.33209,129.72920,123.86790,60.21910,58.54920,56.64270,56.22370,53.56510,,,,,,"Frwd"
2,"2558002","","092H073",2185,"1",2206,230,"BA",45.00,"HW",20.00,"CW",20.00,"SE",10.00,"FD",5.00,,,91.00,20.00000,43.87540,,35.89760,44.06,638.95,97.423599,1296.58154,1247.41748,1150.86938,1125.70276,1060.62842,636.74969,614.19342,576.53149,567.41180,536.20020,251.26160,241.81511,221.25681,215.66220,203.79970,209.61359,199.31189,165.93681,156.54980,143.09050,138.62280,133.43480,130.47400,129.85039,123.97520,60.33380,58.66230,56.67020,56.22860,53.56280,,,,,,"Frwd"
2,"2558002","","092H073",2185,"1",2216,240,"BA",45.00,"HW",20.00,"CW",20.00,"SE",10.00,"FD",5.00,,,91.00,20.00000,44.59729,,35.90600,44.26,635.04,97.713165,1299.68665,1250.50635,1150.75012,1124.71765,1059.45020,638.76239,616.20691,577.04041,567.58063,536.25598,251.69000,242.25009,220.80090,214.95030,203.05750,209.94791,199.63120,165.61459,156.00090,142.51181,138.82410,133.62970,130.58290,129.93840,124.05030,60.46230,58.78830,56.71130,56.24740,53.57450,,,,,,"Frwd"
2,"2558002","","092H073",2185,"1",2226,250,"BA",45.00,"HW",20.00,"CW",20.00,"SE",10.00,"FD",5.00,,,91.00,20.00000,45.29260,,35.91400,44.45,631.35,97.987343,1302.60693,1253.41101,1150.49097,1123.59766,1058.14856,640.66675,618.11182,577.45392,567.65509,536.22339,252.10310,242.66850,220.33650,214.23120,202.30971,210.23860,199.90891,165.27209,155.43491,141.91849,139.03510,133.83359,130.70239,130.03740,124.13700,60.56340,58.88810,56.72610,56.23910,53.56000,,,,,,"Frwd"
3,"6212668","","092H025",388,"1",1876,0,"FDC",50.00,"HW",40.00,"BA",10.00,,,,,,,100.00,17.21000,0.00000,,,,,,,,,,,,,,,,,,,,,,,,,,,,,,,,,,,,,,,,,"Back"
3,"6212668","","092H025",388,"1",1886,10,"FDC",50.00,"HW",40.00,"BA",10.00,,,,,,,100.00,17.21000,1.22776,,,,,,,,,,,,,,,,,,,,,,,,,,,,,,,,,,,,,,,,,"Back"
3,"6212668","","092H025",388,"1",1896,20,"FDC",50.00,"HW",40.00,"BA",10.00,,,,,,,100.00,17.21000,5.25775,,,,,,,,,,,,,,,,,,,,,,,,,,,,,,,,,,,,,,,,,"Back"
3,"6212668","","092H025",388,"1",1906,30,"FDC",50.00,"HW",40.00,"BA",10.00,,,,,,,100.00,17.21000,9.16786,,7.31940,11.15,1490.60,14.545820,39.98300,14.55960,14.34200,14.22800,13.88070,16.73340,5.26300,5.25490,5.24740,5.14160,17.02270,5.38370,5.30140,5.23710,5.07430,6.22690,3.91290,3.78570,3.74350,3.66480,,,,,,,,,,,,,,,,"Back"
3,"6212668","","092H025",388,"1",1916,40,"FDC",50.00,"HW",40.00,"BA",10.00,,,,,,,100.00,17.21000,12.40595,,10.41000,13.43,1762.50,24.981541,97.33930,53.70780,52.82790,52.39890,51.07780,41.80570,22.57180,22.49760,22.45010,21.99170,42.24820,22.68890,22.19500,21.91130,21.21840,13.28540,8.44710,8.13530,8.03750,7.86770,,,,,,,,,,,,,,,,"Back"
3,"6212668","","092H025",388,"1",1926,50,"FDC",50.00,"HW",40.00,"BA",10.00,,,,,,,100.00,17.21000,15.04745,,12.92240,16.01,1581.36,31.815060,150.59280,106.56860,104.27060,103.22990,100.56711,65.72030,47.27430,46.98750,46.84100,45.86600,65.91600,46.13600,44.68230,43.95600,42.53290,18.95650,13.15830,12.60080,12.43290,12.16820,,,,,,,,,,,,,,,,"Back"
3,"6212668","","092H025",388,"1",1936,60,"FDC",50.00,"HW",40.00,"BA",10.00,,,,,,,100.00,17.21000,17.22452,,14.99130,18.70,1347.46,37.012642,198.89369,159.82150,155.16611,153.17279,149.12241,87.82100,72.13390,71.44010,71.13560,69.62200,87.54160,69.84210,66.74400,65.30660,63.12930,23.53110,17.84550,16.98200,16.73060,16.37110,,,,,,,,,,,,,,,,"Back"
3,"6212668","","092H025",388,"1",1946,70,"FDC",50.00,"HW",40.00,"BA",10.00,,,,,,,100.00,17.21000,19.04555,,16.72210,21.42,1144.29,41.217171,242.54070,208.25230,200.41270,197.19220,191.85080,108.00250,94.57180,93.30880,92.81210,90.80000,107.22040,91.59721,86.21880,83.83521,80.95140,27.31780,22.08330,20.88510,20.54490,20.09940,,,,,,,,,,,,,,,,"Back"
3,"6212668","","092H025",388,"1",1956,80,"FDC",50.00,"HW",40.00,"BA",10.00,,,,,,,100.00,17.21000,20.59104,,18.19180,24.10,981.07,44.747719,282.05609,251.25270,239.68311,235.08510,228.57959,126.35350,114.34130,112.39770,111.69180,109.23490,125.18781,111.13440,103.04730,99.58350,96.05560,30.51480,25.77700,24.23810,23.80980,23.28910,,,,,,,,,,,,,,,,"Back"
3,"6212668","","092H025",388,"1",1966,90,"FDC",50.00,"HW",40.00,"BA",10.00,,,,,,,100.00,17.21000,21.91995,,19.45620,26.73,851.86,47.790180,317.97272,289.45209,273.87009,267.84280,260.28979,143.02890,131.75031,129.03580,128.09930,125.24490,141.67850,128.73779,117.74039,113.16250,109.04970,33.26530,28.96400,27.09390,26.58100,25.99520,,,,,,,,,,,,,,,,"Back"
3,"6212668","","092H025",388,"1",1976,100,"FDC",50.00,"HW",40.00,"BA",10.00,,,,,,,100.00,17.21000,23.07585,,20.55670,29.29,749.07,50.463310,350.76752,323.68051,303.96201,296.49872,287.99472,158.19951,147.21651,143.64191,142.44200,139.22661,156.89540,144.74080,130.78030,125.10910,120.46270,35.67260,31.72320,29.53980,28.94760,28.30540,,,,,,,,,,,,,,,,"Back"
3,"6212668","","092H025",388,"1",1986,110,"FDC",50.00,"HW",40.00,"BA",10.00,,,,,,,100.00,17.21000,24.09142,,21.52410,31.78,666.39,52.847588,380.85269,354.65881,330.73911,321.83008,312.45380,172.03200,161.11230,156.58640,155.07950,151.53101,171.00900,159.41119,142.49380,135.75800,130.62190,37.81170,34.13530,31.65890,30.99260,30.30090,,,,,,,,,,,,,,,,"Back"
3,"6212668","","092H025",388,"1",1996,120,"FDC",50.00,"HW",40.00,"BA",10.00,,,,,,,100.00,17.21000,24.99158,,22.38210,34.19,599.00,54.999989,408.57678,382.94269,354.75397,344.36261,334.17950,184.67970,173.72050,168.15210,166.28709,162.42841,184.16010,172.95360,153.08379,145.29311,139.70399,39.73700,36.26860,33.51810,32.78240,32.04710,,,,,,,,,,,,,,,,"Ref"
3,"6212668","","092H025",388,"1",2006,130,"FDC",50.00,"HW",40.00,"BA",10.00,,,,,,,100.00,17.21000,25.79566,,22.72370,35.58,566.43,56.323277,419.40271,393.98471,364.12671,352.87161,342.41611,195.44051,184.60750,177.96030,175.69841,171.55461,182.90419,171.61160,151.36900,143.16620,137.62061,41.05800,37.76560,34.79740,34.00700,33.24090,,,,,,,,,,,,,,,,"Frwd"
3,"6212668","","092H025",388,"1",2016,140,"FDC",50.00,"HW",40.00,"BA",10.00,,,,,,,100.00,17.21000,26.51883,,23.03000,36.61,547.99,57.680408,430.76349,405.32898,373.55981,361.34909,350.60712,205.81230,195.00960,187.12810,184.38530,179.96750,182.49741,171.06979,150.36360,141.74030,136.21260,42.45380,39.24960,36.06810,35.22350,34.42700,,,,,,,,,,,,,,,,"Frwd"
3,"6212668","","092H025",388,"1",2026,150,"FDC",50.00,"HW",40.00,"BA",10.00,,,,,,,100.00,17.21000,27.17321,,23.24190,37.26,541.06,58.989212,440.86920,415.27112,381.64838,368.48627,357.49377,214.91621,204.09550,194.94110,191.67259,187.01489,182.17960,170.57350,149.48070,140.48140,134.97079,43.77340,40.60210,37.22660,36.33230,35.50810,,,,,,,,,,,,,,,,"Frwd"
3,"6212668","","092H025",388,"1",2036,160,"FDC",50.00,"HW",40.00,"BA",10.00,,,,,,,100.00,17.21000,27.76857,,23.32970,37.54,543.69,60.190269,449.73572,423.86871,388.47672,374.40070,363.20642,223.26151,212.30359,201.88220,198.10201,193.24060,181.58110,169.82640,148.40361,139.04660,133.56120,44.89310,41.73870,38.19090,37.25210,36.40460,,,,,,,,,,,,,,,,"Frwd"
3,"6212668","","092H025",388,"1",2046,170,"FDC",50.00,"HW",40.00,"BA",10.00,,,,,,,100.00,17.21000,28.31289,,23.36160,37.69,549.16,61.267609,456.79913,430.65363,393.58673,378.61230,367.26089,230.04541,218.96649,207.28729,202.96440,197.93680,180.89000,168.98051,147.29231,137.61931,132.16269,45.86370,42.70660,39.00710,38.02860,37.16140,,,,,,,,,,,,,,,,"Frwd"
3,"6212668","","092H025",388,"1",2056,180,"FDC",50.00,"HW",40.00,"BA",10.00,,,,,,,100.00,17.21000,28.81273,,23.37750,37.90,551.68,62.222878,461.66022,435.34552,396.65051,380.72220,369.25409,234.78349,223.67751,210.75220,205.80519,200.64940,180.19170,168.14700,146.21210,136.24471,130.81641,46.68500,43.52100,39.68620,38.67230,37.78830,,,,,,,,,,,,,,,,"Frwd"
3,"6212668","","092H025",388,"1",2066,190,"FDC",50.00,"HW",40.00,"BA",10.00,,,,,,,100.00,17.21000,29.27358,,23.36110,38.17,551.41,63.085339,466.01416,439.61603,399.21619,382.27850,370.70871,239.16479,227.98100,213.81911,208.24339,202.97720,179.53209,167.46181,145.18610,134.87260,129.46620,47.31730,44.17320,40.21100,39.16250,38.26530,,,,,,,,,,,,,,,,"Frwd"
3,"6212668","","092H025",388,"1",2076,200,"FDC",50.00,"HW",40.00,"BA",10.00,,,,,,,100.00,17.21000,29.70003,,23.32340,38.50,548.58,63.876041,470.20969,443.78738,401.59689,383.60211,371.93680,243.42430,232.11230,216.71829,210.51740,205.15260,178.98160,166.97629,144.26440,133.55270,128.16040,47.80380,44.69880,40.61420,39.53200,38.62380,,,,,,,,,,,,,,,,"Frwd"
3,"6212668","","092H025",388,"1",2086,210,"FDC",50.00,"HW",40.00,"BA",10.00,,,,,,,100.00,17.21000,30.09595,,23.33380,38.85,544.45,64.525162,474.94598,448.46100,404.23648,385.15500,373.36377,246.09630,234.67130,218.13040,211.29320,205.86859,180.66240,168.70270,145.19809,134.06219,128.61169,48.18730,45.08700,40.90800,39.79960,38.88350,,,,,,,,,,,,,,,,"Frwd"
3,"6212668","","092H025",388,"1",2096,220,"FDC",50.00,"HW",40.00,"BA",10.00,,,,,,,100.00,17.21000,30.46467,,23.34120,39.23,538.96,65.150497,479.50763,452.99182,406.66833,386.40601,374.49188,248.62781,237.09340,219.39120,211.87279,206.39200,182.22560,170.37451,146.01640,134.40390,128.89571,48.65420,45.52390,41.26070,40.12930,39.20420,,,,,,,,,,,,,,,,"Frwd"
3,"6212668","","092H025",388,"1",2106,230,"FDC",50.00,"HW",40.00,"BA",10.00,,,,,,,100.00,17.21000,30.80902,,23.34640,39.61,533.68,65.751671,483.85748,457.30731,408.88593,387.39600,375.36481,251.02519,239.38509,220.50900,212.26160,206.72740,183.72920,171.97820,146.77800,134.68930,129.12601,49.10310,45.94400,41.59890,40.44510,39.51140,,,,,,,,,,,,,,,,"Frwd"
3,"6212668","","092H025",388,"1",2116,240,"FDC",50.00,"HW",40.00,"BA",10.00,,,,,,,100.00,17.21000,31.13146,,23.34970,39.97,528.65,66.330742,488.01624,461.42899,410.91040,388.14130,375.99850,253.30270,241.56090,221.49901,212.47130,206.88670,185.17790,173.51950,147.48729,134.92180,129.30550,49.53560,46.34860,41.92410,40.74820,39.80630,,,,,,,,,,,,,,,,"Frwd"
3,"6212668","","092H025",388,"1",2126,250,"FDC",50.00,"HW",40.00,"BA",10.00,,,,,,,100.00,17.21000,31.43409,,23.35160,40.32,523.83,66.889389,492.00320,465.37610,412.75992,388.65649,376.40662,255.47391,243.63350,222.37491,212.51199,206.87939,186.57651,175.00369,148.14801,135.10480,129.43721,49.95280,46.73890,42.23700,41.03970,40.09000,,,,,,,,,,,,,,,,"Frwd"
4,"8489172","","092G089",51042508,"1",1755,0,"FDC",80.00,"HW",20.00,,,,,,,,,80.00,19.12000,0.00000,,,,,,,,,,,,,,,,,,,,,,,,,,,,,,,,,,,,,,,,,"Back"
4,"8489172","","092G089",51042508,"1",1765,10,"FDC",80.00,"HW",20.00,,,,,,,,,80.00,19.12000,1.33032,,,,,,,,,,,,,,,,,,,,,,,,,,,,,,,,,,,,,,,,,"Back"
4,"8489172","","092G089",51042508,"1",1775,20,"FDC",80.00,"HW",20.00,,,,,,,,,80.00,19.12000,5.81445,,,,,,,,,,,,,,,,,,,,,,,,,,,,,,,,,,,,,,,,,"Back"
4,"8489172","","092G089",51042508,"1",1785,30,"FDC",80.00,"HW",20.00,,,,,,,,,80.00,19.12000,10.19104,,8.00700,12.23,1223.22,14.363450,43.79090,20.35050,20.31420,20.28740,19.47290,34.13110,16.05880,16.03900,16.02300,15.38060,9.65980,4.29170,4.27520,4.26440,4.09230,,,,,,,,,,,,,,,,,,,,,"Back"
4,"8489172","","092G089",51042508,"1",1795,40,"FDC",80.00,"HW",20.00,,,,,,,,,80.00,19.12000,13.81705,,11.82810,14.59,1348.68,22.555521,102.68310,66.75560,66.55050,66.45260,63.77650,79.24730,52.21710,52.09640,52.03510,49.94640,23.43580,14.53850,14.45410,14.41750,13.83010,,,,,,,,,,,,,,,,,,,,,"Back"
4,"8489172","","092G089",51042508,"1",1805,50,"FDC",80.00,"HW",20.00,,,,,,,,,80.00,19.12000,16.77268,,15.05800,16.97,1249.75,28.256100,163.02679,125.56890,124.97601,124.75490,119.70280,125.32990,97.76560,97.40340,97.26490,93.35440,37.69690,27.80330,27.57260,27.49000,26.34840,,,,,,,,,,,,,,,,,,,,,"Back"
4,"8489172","","092G089",51042508,"1",1815,60,"FDC",80.00,"HW",20.00,,,,,,,,,80.00,19.12000,19.20593,,17.78060,19.27,1121.90,32.714020,220.82120,185.47470,184.24400,183.85210,176.34790,169.44150,143.82030,143.06081,142.82010,137.05760,51.37970,41.65440,41.18320,41.03200,39.29030,,,,,,,,,,,,,,,,,,,,,"Back"
4,"8489172","","092G089",51042508,"1",1825,70,"FDC",80.00,"HW",20.00,,,,,,,,,80.00,19.12000,21.23887,,20.09370,21.47,1004.87,36.380241,274.58902,241.75229,239.64920,239.04550,229.17929,210.49681,186.87459,185.58369,185.22369,177.69550,64.09220,54.87770,54.06550,53.82180,51.48380,,,,,,,,,,,,,,,,,,,,,"Back"
4,"8489172","","092G089",51042508,"1",1835,80,"FDC",80.00,"HW",20.00,,,,,,,,,80.00,19.12000,22.96226,,22.07940,23.56,905.47,39.490200,324.03110,293.23822,290.06140,289.21191,277.13651,248.28391,226.17010,224.24420,223.75410,214.58751,75.74720,67.06810,65.81720,65.45779,62.54900,,,,,,,,,,,,,,,,,,,,,"Back"
4,"8489172","","092G089",51042508,"1",1845,90,"FDC",80.00,"HW",20.00,,,,,,,,,80.00,19.12000,24.44253,,23.80200,25.56,822.40,42.186428,369.32278,340.03040,335.61322,334.48969,320.36481,282.94119,261.86081,259.22211,258.59409,247.91510,86.38160,78.16960,76.39110,75.89560,72.44970,,,,,,,,,,,,,,,,,,,,,"Back"
4,"8489172","","092G089",51042508,"1",1855,100,"FDC",80.00,"HW",20.00,,,,,,,,,80.00,19.12000,25.72880,,25.31080,27.45,752.98,44.562740,410.80881,382.57660,376.78131,375.35959,359.33661,314.73071,294.32581,290.91330,290.14038,278.06369,96.07810,88.25080,85.86800,85.21920,81.27290,,,,,,,,,,,,,,,,,,,,,"Back"
4,"8489172","","092G089",51042508,"1",1865,110,"FDC",80.00,"HW",20.00,,,,,,,,,80.00,19.12000,26.85784,,26.64390,29.25,694.52,46.684391,448.87320,421.37561,414.08731,412.34619,394.56412,343.94241,323.96091,319.72400,318.79889,305.42712,104.93079,97.41470,94.36330,93.54729,89.13700,,,,,,,,,,,,,,,,,,,,,"Back"
4,"8489172","","092G089",51042508,"1",1875,120,"FDC",80.00,"HW",20.00,,,,,,,,,80.00,19.12000,27.85770,,27.83100,30.98,644.87,48.598732,483.88931,456.89294,448.01340,445.93359,426.51831,370.85651,351.12582,346.02020,344.93491,330.35919,113.03280,105.76711,101.99320,100.99870,96.15910,,,,,,,,,,,,,,,,,,,,,"Back"
4,"8489172","","092G089",51042508,"1",1885,130,"FDC",80.00,"HW",20.00,,,,,,,,,80.00,19.12000,28.75010,,28.89570,32.62,602.28,50.341183,516.19556,489.53558,478.97989,476.54382,455.60687,395.72699,376.13110,370.11639,368.86261,353.16309,120.46860,113.40450,108.86349,107.68120,102.44380,,,,,,,,,,,,,,,,,,,,,"Back"
4,"8489172","","092G089",51042508,"1",1895,140,"FDC",80.00,"HW",20.00,,,,,,,,,80.00,19.12000,29.55209,,29.85590,34.20,565.43,51.938438,546.08008,519.64075,507.33380,504.52438,482.16711,418.76959,399.23181,392.27112,390.83969,374.08850,127.31050,120.40891,115.06270,113.68470,108.07860,,,,,,,,,,,,,,,,,,,,,"Back"
4,"8489172","","092G089",51042508,"1",1905,150,"FDC",80.00,"HW",20.00,,,,,,,,,80.00,19.12000,30.27727,,30.61610,35.59,535.87,53.313560,570.89160,544.58740,530.55890,527.37378,503.82318,437.93509,418.40558,410.51620,408.90421,391.26740,132.95650,126.18180,120.04270,118.46960,112.55580,,,,,,,,,,,,,,,,,,,,,"Back"
4,"8489172","","092G089",51042508,"1",1915,160,"FDC",80.00,"HW",20.00,,,,,,,,,80.00,19.12000,30.93659,,31.15510,36.76,513.15,54.454060,589.84692,563.62213,547.96710,544.41351,519.93750,452.60681,433.05841,424.29111,422.49960,404.17508,137.24010,130.56371,123.67600,121.91390,115.76241,,,,,,,,,,,,,,,,,,,,,"Back"
4,"8489172","","092G089",51042508,"1",1925,170,"FDC",80.00,"HW",20.00,,,,,,,,,80.00,19.12000,31.53899,,31.53690,37.75,495.13,55.421021,604.49359,578.31500,561.11292,557.19592,531.99390,463.96640,444.38562,434.78311,432.81259,413.94791,140.52721,133.92940,126.32980,124.38330,118.04600,,,,,,,,,,,,,,,,,,,,,"Back"
4,"8489172","","092G089",51042508,"1",1935,180,"FDC",80.00,"HW",20.00,,,,,,,,,80.00,19.12000,32.09184,,31.80710,38.61,480.43,56.257729,615.97803,589.82458,571.13940,566.86261,541.08240,472.89130,453.27118,442.86771,440.71811,421.42291,143.08670,136.55341,128.27170,126.14449,119.65950,,,,,,,,,,,,,,,,,,,,,"Back"
4,"8489172","","092G089",51042508,"1",1945,190,"FDC",80.00,"HW",20.00,,,,,,,,,80.00,19.12000,32.60125,,31.99840,39.37,468.13,56.995300,625.14117,598.99902,578.88263,574.24738,547.99811,480.02649,460.36392,449.18710,446.85779,427.21310,145.11470,138.63510,129.69551,127.38960,120.78500,,,,,,,,,,,,,,,,,,,,,"Back"
4,"8489172","","092G089",51042508,"1",1955,200,"FDC",80.00,"HW",20.00,,,,,,,,,80.00,19.12000,33.07238,,32.12800,40.05,457.69,57.651070,632.43860,606.29871,584.79791,579.80603,553.17621,485.72110,466.01480,454.08981,451.58011,431.65189,146.71750,140.28391,130.70810,128.22589,121.52430,,,,,,,,,,,,,,,,,,,,,"Back"
4,"8489172","","092G089",51042508,"1",1965,210,"FDC",80.00,"HW",20.00,,,,,,,,,80.00,19.12000,33.50957,,32.12800,40.55,450.43,58.163620,635.98157,609.83990,587.10693,581.77698,554.94678,488.51138,468.76480,456.17230,453.48950,433.41248,147.47020,141.07510,130.93460,128.28751,121.53430,,,,,,,,,,,,,,,,,,,,,"Back"
4,"8489172","","092G089",51042508,"1",1975,220,"FDC",80.00,"HW",20.00,,,,,,,,,80.00,19.12000,33.91651,,32.12800,41.03,443.57,58.652840,639.33765,613.19000,589.22302,583.54999,556.52869,491.15543,471.36862,458.10760,455.24820,435.02930,148.18219,141.82140,131.11540,128.30180,121.49940,,,,,,,,,,,,,,,,,,,,,"Back"
4,"8489172","","092G089",51042508,"1",1985,230,"FDC",80.00,"HW",20.00,,,,,,,,,80.00,19.12000,34.29637,,32.12800,41.50,437.05,59.120789,642.52429,616.36780,591.16602,585.14417,557.94080,493.66681,473.84021,459.91019,456.87070,436.51651,148.85750,142.52760,131.25580,128.27350,121.42430,,,,,,,,,,,,,,,,,,,,,"Back"
4,"8489172","","092G089",51042508,"1",1995,240,"FDC",80.00,"HW",20.00,,,,,,,,,80.00,19.12000,34.65189,,32.12800,41.95,430.89,59.569332,645.55780,619.38916,592.95166,586.57611,559.19873,496.05820,476.19199,461.59259,458.36942,437.88571,149.49960,143.19720,131.35910,128.20670,121.31300,,,,,,,,,,,,,,,,,,,,,"Back"
4,"8489172","","092G089",51042508,"1",2005,250,"FDC",80.00,"HW",20.00,,,,,,,,,80.00,19.12000,34.98543,,32.12800,42.40,425.00,60.000023,648.45129,622.26910,594.59497,587.85986,560.31549,498.33978,478.43491,463.16550,459.75488,439.14700,150.11150,143.83420,131.42950,128.10500,121.16850,,,,,,,,,,,,,,,,,,,,,"Ref"
5,"9884561","","083D056",30790200,"1",1761,0,"SX",65.00,"BL",25.00,"HW",5.00,"AT",5.00,,,,,21.00,10.44000,0.00000,,,,,,,,,,,,,,,,,,,,,,,,,,,,,,,,,,,,,,,,,"Back"
5,"9884561","","083D056",30790200,"1",1771,10,"SX",65.00,"BL",25.00,"HW",5.00,"AT",5.00,,,,,21.00,10.44000,0.34178,,,,,,,,,,,,,,,,,,,,,,,,,,,,,,,,,,,,,,,,,"Back"
5,"9884561","","083D056",30790200,"1",1781,20,"SX",65.00,"BL",25.00,"HW",5.00,"AT",5.00,,,,,21.00,10.44000,1.37009,,,,,,,,,,,,,,,,,,,,,,,,,,,,,,,,,,,,,,,,,"Back"
5,"9884561","","083D056",30790200,"1",1791,30,"SX",65.00,"BL",25.00,"HW",5.00,"AT",5.00,,,,,21.00,10.44000,2.64455,,,,,,,,,,,,,,,,,,,,,,,,,,,,,,,,,,,,,,,,,"Back"
5,"9884561","","083D056",30790200,"1",1801,40,"SX",65.00,"BL",25.00,"HW",5.00,"AT",5.00,,,,,21.00,10.44000,4.50424,,,,,,,,,,,,,,,,,,,,,,,,,,,,,,,,,,,,,,,,,"Back"
5,"9884561","","083D056",30790200,"1",1811,50,"SX",65.00,"BL",25.00,"HW",5.00,"AT",5.00,,,,,21.00,10.44000,6.59333,,,,,,,,,,,,,,,,,,,,,,,,,,,,,,,,,,,,,,,,,"Back"
5,"9884561","","083D056",30790200,"1",1821,60,"SX",65.00,"BL",25.00,"HW",5.00,"AT",5.00,,,,,21.00,10.44000,8.74295,,,,,,,,,,,,,,,,,,,,,,,,,,,,,,,,,,,,,,,,,"Back"
5,"9884561","","083D056",30790200,"1",1831,70,"SX",65.00,"BL",25.00,"HW",5.00,"AT",5.00,,,,,21.00,10.44000,10.85685,,9.21970,13.51,261.59,3.749320,13.90900,8.52570,8.19070,8.07070,7.88420,8.43530,4.93560,4.86490,4.82030,4.72160,4.09610,2.64300,2.51130,2.46990,2.41710,0.57930,0.30080,0.28870,0.28050,0.27130,0.79830,0.64630,0.52580,0.50000,0.47420,,,,,,,,,,,"Back"
5,"9884561","","083D056",30790200,"1",1841,80,"SX",65.00,"BL",25.00,"HW",5.00,"AT",5.00,,,,,21.00,10.44000,12.88038,,11.58920,17.61,228.10,5.556070,25.23150,20.34620,19.42760,19.09220,18.65150,15.86700,12.95800,12.66870,12.51950,12.26020,6.91330,5.40550,5.06790,4.96740,4.85860,1.04050,0.73380,0.69310,0.66750,0.64490,1.41070,1.24890,0.99790,0.93780,0.88780,,,,,,,,,,,"Back"
5,"9884561","","083D056",30790200,"1",1851,90,"SX",65.00,"BL",25.00,"HW",5.00,"AT",5.00,,,,,21.00,10.44000,14.78474,,13.86260,21.72,186.97,6.929280,36.73150,32.24740,30.51340,29.89380,29.19690,23.66460,21.06920,20.42700,20.13780,19.71630,9.53730,8.11910,7.51550,7.34240,7.17850,1.50020,1.20860,1.11840,1.06470,1.02720,2.02940,1.85050,1.45250,1.34890,1.27490,,,,,,,,,,,"Back"
5,"9884561","","083D056",30790200,"1",1861,100,"SX",65.00,"BL",25.00,"HW",5.00,"AT",5.00,,,,,21.00,10.44000,16.55732,,16.01280,25.76,153.20,7.982160,47.78950,43.37680,40.72170,39.79720,38.85950,31.32540,28.70840,27.65830,27.22900,26.65480,11.90660,10.57670,9.68340,9.43300,9.21900,1.93500,1.66300,1.50550,1.41580,1.36340,2.62250,2.42870,1.87450,1.71940,1.62230,,,,,,,,,,,"Back"
5,"9884561","","083D056",30790200,"1",1871,110,"SX",65.00,"BL",25.00,"HW",5.00,"AT",5.00,,,,,21.00,10.44000,18.19557,,18.02680,29.66,127.25,8.792690,58.13010,53.65710,50.03740,48.79870,47.63850,38.66160,35.88800,34.40350,33.83660,33.11880,13.97090,12.72680,11.54150,11.21350,10.95560,2.32880,2.07700,1.83850,1.70750,1.64150,3.16880,2.96530,2.25390,2.04110,1.92260,,,,,,,,,,,"Back"
5,"9884561","","083D056",30790200,"1",1881,120,"SX",65.00,"BL",25.00,"HW",5.00,"AT",5.00,,,,,21.00,10.44000,19.70292,,19.90090,33.40,107.51,9.417960,67.60000,63.02740,58.42290,56.85480,55.49150,45.49720,42.55630,40.60320,39.88640,39.03520,15.77840,14.58350,13.12120,12.71960,12.42350,2.67080,2.43970,2.11290,1.93800,1.85990,3.65360,3.44790,2.58560,2.31080,2.17290,,,,,,,,,,,"Back"
5,"9884561","","083D056",30790200,"1",1891,130,"SX",65.00,"BL",25.00,"HW",5.00,"AT",5.00,,,,,21.00,10.44000,21.08618,,21.63760,36.96,92.29,9.900589,76.09171,71.42870,65.82740,63.90900,62.36440,51.67080,48.60190,46.14340,45.25330,44.28130,17.36920,16.19610,14.47480,14.00330,13.67420,2.96680,2.75040,2.33700,2.12110,2.03270,4.08490,3.88030,2.87220,2.53130,2.37620,,,,,,,,,,,"Back"
5,"9884561","","083D056",30790200,"1",1901,140,"SX",65.00,"BL",25.00,"HW",5.00,"AT",5.00,,,,,21.00,10.44000,22.35383,,23.12860,40.34,80.39,10.272360,83.02740,78.32730,71.77530,69.48650,67.79200,57.04590,53.90510,50.90350,49.80410,48.72610,18.31300,17.15490,15.24600,14.72120,14.37240,3.20970,3.00740,2.50980,2.25420,2.15680,4.45880,4.25990,3.11600,2.70700,2.53670,,,,,,,,,,,"Back"
5,"9884561","","083D056",30790200,"1",1911,150,"SX",65.00,"BL",25.00,"HW",5.00,"AT",5.00,,,,,21.00,10.44000,23.51505,,24.23120,43.14,71.84,10.502050,87.56351,82.89200,75.54700,72.90050,71.10680,60.88540,57.73440,54.22950,52.90690,51.75230,18.58400,17.44400,15.43050,14.87230,14.51770,3.36800,3.17740,2.60740,2.31480,2.21170,4.72610,4.53620,3.27960,2.80650,2.62510,,,,,,,,,,,"Back"
5,"9884561","","083D056",30790200,"1",1921,160,"SX",65.00,"BL",25.00,"HW",5.00,"AT",5.00,,,,,21.00,10.44000,24.57902,,25.01680,45.25,65.95,10.605590,90.24319,85.62980,77.66161,74.70370,72.84981,63.24090,60.11140,56.20820,54.68990,53.48760,18.66030,17.54060,15.44970,14.86510,14.50820,3.45340,3.27080,2.64360,2.31990,2.21350,4.88860,4.70700,3.36010,2.82880,2.64050,,,,,,,,,,,"Back"
5,"9884561","","083D056",30790200,"1",1931,170,"SX",65.00,"BL",25.00,"HW",5.00,"AT",5.00,,,,,21.00,10.44000,25.55455,,25.57510,46.85,61.69,10.632649,91.69109,87.14680,78.68990,75.46360,73.57640,64.59370,61.49940,57.28760,55.60300,54.37290,18.62500,17.52580,15.37520,14.76920,14.41240,3.49190,3.31560,2.64180,2.29040,2.18230,4.98050,4.80600,3.38530,2.80100,2.60880,,,,,,,,,,,"Back"
5,"9884561","","083D056",30790200,"1",1941,180,"SX",65.00,"BL",25.00,"HW",5.00,"AT",5.00,,,,,21.00,10.44000,26.44992,,25.97130,48.07,58.49,10.612810,92.32421,87.85139,79.01090,75.55340,73.65080,65.27341,62.21960,57.77140,55.94720,54.70280,18.52530,17.44560,15.24800,14.62380,14.26890,3.50020,3.32940,2.61690,2.24060,2.13170,5.02530,4.85680,3.37460,2.74180,2.54740,,,,,,,,,,,"Back"
5,"9884561","","083D056",30790200,"1",1951,190,"SX",65.00,"BL",25.00,"HW",5.00,"AT",5.00,,,,,21.00,10.44000,27.27277,,26.25210,49.02,55.97,10.564450,92.41600,88.01369,78.86910,75.21260,73.30640,65.49130,62.48020,57.84970,55.90640,54.65680,18.38610,17.32580,15.08970,14.44980,14.09720,3.50060,3.33280,2.58910,2.19320,2.08410,5.03800,4.87490,3.34060,2.66320,2.46830,,,,,,,,,,,"Back"
5,"9884561","","083D056",30790200,"1",1961,200,"SX",65.00,"BL",25.00,"HW",5.00,"AT",5.00,,,,,21.00,10.44000,28.03004,,26.44260,49.76,53.97,10.496770,92.12309,87.78800,78.40560,74.57950,72.67800,65.38319,62.41370,57.64750,55.60590,54.35760,18.22460,17.18240,14.91480,14.26110,13.91140,3.48740,3.32250,2.55270,2.14010,2.03140,5.02790,4.86940,3.29060,2.57240,2.37760,,,,,,,,,,,"Back"
5,"9884561","","083D056",30790200,"1",1971,210,"SX",65.00,"BL",25.00,"HW",5.00,"AT",5.00,,,,,21.00,10.44000,28.72803,,26.44260,50.02,52.84,10.385300,91.00670,86.73390,77.25760,73.33650,71.45760,64.58400,61.65450,56.85710,54.77350,53.54040,18.00900,16.98340,14.69710,14.03350,13.68780,3.44440,3.28230,2.49840,2.07580,1.96820,4.96930,4.81370,3.20500,2.45370,2.26120,,,,,,,,,,,"Back"
5,"9884561","","083D056",30790200,"1",1981,220,"SX",65.00,"BL",25.00,"HW",5.00,"AT",5.00,,,,,21.00,10.44000,29.37243,,26.44260,50.28,51.78,10.280530,89.95911,85.74440,76.17930,72.16640,70.30870,63.83400,60.94210,56.11510,53.99040,52.77160,17.80650,16.79650,14.49250,13.81920,13.47720,3.40430,3.24440,2.44720,2.01490,1.90850,4.91430,4.76140,3.12450,2.34190,2.15140,,,,,,,,,,,"Back"
5,"9884561","","083D056",30790200,"1",1991,230,"SX",65.00,"BL",25.00,"HW",5.00,"AT",5.00,,,,,21.00,10.44000,29.96830,,26.44260,50.53,50.78,10.181750,88.97310,84.81290,75.16320,71.06160,69.22400,63.12830,60.27160,55.41630,53.25130,52.04580,17.61590,16.62040,14.29960,13.61680,13.27840,3.36640,3.20880,2.39870,1.95710,1.85190,4.86250,4.71210,3.04860,2.23640,2.04790,,,,,,,,,,,"Back"
5,"9884561","","083D056",30790200,"1",2001,240,"SX",65.00,"BL",25.00,"HW",5.00,"AT",5.00,,,,,21.00,10.44000,30.52022,,26.44260,50.76,49.85,10.088350,88.04210,83.93320,74.20330,70.01580,68.19740,62.46200,59.63850,54.75630,52.55180,51.35900,17.43580,16.45400,14.11730,13.42490,13.09000,3.33070,3.17520,2.35290,1.90210,1.79800,4.81360,4.66550,2.97680,2.13700,1.95040,,,,,,,,,,,"Back"
5,"9884561","","083D056",30790200,"1",2011,250,"SX",65.00,"BL",25.00,"HW",5.00,"AT",5.00,,,,,21.00,10.44000,31.03227,,26.44260,50.99,48.97,9.999849,87.16100,83.10090,73.29480,69.02490,67.22430,61.83340,59.04140,54.13350,51.89060,50.70970,17.26640,16.29720,13.94510,13.24370,12.91190,3.29480,3.14150,2.30740,1.84720,1.74410,4.76640,4.62080,2.90880,2.04340,1.85860,,,,,,,,,,,"Ref"
6,"13727877","","093C085",3402903,"1",1853,0,"SX",100.00,,,,,,,,,,,19.00,6.39000,0.00000,,,,,,,,,,,,,,,,,,,,,,,,,,,,,,,,,,,,,,,,,"Back"
6,"13727877","","093C085",3402903,"1",1863,10,"SX",100.00,,,,,,,,,,,19.00,6.39000,0.18550,,,,,,,,,,,,,,,,,,,,,,,,,,,,,,,,,,,,,,,,,"Back"
6,"13727877","","093C085",3402903,"1",1873,20,"SX",100.00,,,,,,,,,,,19.00,6.39000,0.65732,,,,,,,,,,,,,,,,,,,,,,,,,,,,,,,,,,,,,,,,,"Back"
6,"13727877","","093C085",3402903,"1",1883,30,"SX",100.00,,,,,,,,,,,19.00,6.39000,1.47154,,,,,,,,,,,,,,,,,,,,,,,,,,,,,,,,,,,,,,,,,"Back"
6,"13727877","","093C085",3402903,"1",1893,40,"SX",100.00,,,,,,,,,,,19.00,6.39000,2.23614,,,,,,,,,,,,,,,,,,,,,,,,,,,,,,,,,,,,,,,,,"Back"
6,"13727877","","093C085",3402903,"1",1903,50,"SX",100.00,,,,,,,,,,,19.00,6.39000,3.26894,,,,,,,,,,,,,,,,,,,,,,,,,,,,,,,,,,,,,,,,,"Back"
6,"13727877","","093C085",3402903,"1",1913,60,"SX",100.00,,,,,,,,,,,19.00,6.39000,4.45559,,,,,,,,,,,,,,,,,,,,,,,,,,,,,,,,,,,,,,,,,"Back"
6,"13727877","","093C085",3402903,"1",1923,70,"SX",100.00,,,,,,,,,,,19.00,6.39000,5.73206,,,,,,,,,,,,,,,,,,,,,,,,,,,,,,,,,,,,,,,,,"Back"
6,"13727877","","093C085",3402903,"1",1933,80,"SX",100.00,,,,,,,,,,,19.00,6.39000,7.05536,,,,,,,,,,,,,,,,,,,,,,,,,,,,,,,,,,,,,,,,,"Back"
6,"13727877","","093C085",3402903,"1",1943,90,"SX",100.00,,,,,,,,,,,19.00,6.39000,8.39494,,,,,,,,,,,,,,,,,,,,,,,,,,,,,,,,,,,,,,,,,"Back"
6,"13727877","","093C085",3402903,"1",1953,100,"SX",100.00,,,,,,,,,,,19.00,6.39000,9.72878,,7.23460,11.01,232.30,2.213340,6.22700,2.09580,2.07130,2.05220,2.01040,6.22700,2.09580,2.07130,2.05220,2.01040,,,,,,,,,,,,,,,,,,,,,,,,,,"Back"
6,"13727877","","093C085",3402903,"1",1963,110,"SX",100.00,,,,,,,,,,,19.00,6.39000,11.04106,,8.64350,13.63,202.06,2.948010,9.60640,5.70920,5.62040,5.55960,5.44550,9.60640,5.70920,5.62040,5.55960,5.44550,,,,,,,,,,,,,,,,,,,,,,,,,,"Back"
6,"13727877","","093C085",3402903,"1",1973,120,"SX",100.00,,,,,,,,,,,19.00,6.39000,12.32059,,10.05680,16.26,171.31,3.557530,13.25830,9.97530,9.77280,9.65140,9.45190,13.25830,9.97530,9.77280,9.65140,9.45190,,,,,,,,,,,,,,,,,,,,,,,,,,"Back"
6,"13727877","","093C085",3402903,"1",1983,130,"SX",100.00,,,,,,,,,,,19.00,6.39000,13.55973,,11.45910,18.88,145.28,4.068980,17.10800,14.24530,13.88640,13.69370,13.40880,17.10800,14.24530,13.88640,13.69370,13.40880,,,,,,,,,,,,,,,,,,,,,,,,,,"Back"
6,"13727877","","093C085",3402903,"1",1993,140,"SX",100.00,,,,,,,,,,,19.00,6.39000,14.75346,,12.83790,21.48,124.22,4.500320,21.07120,18.41880,17.87000,17.60160,17.23330,21.07120,18.41880,17.87000,17.60160,17.23330,,,,,,,,,,,,,,,,,,,,,,,,,,"Back"
6,"13727877","","093C085",3402903,"1",2003,150,"SX",100.00,,,,,,,,,,,19.00,6.39000,15.89880,,13.98000,23.65,109.50,4.808890,24.43340,21.85550,21.12190,20.78580,20.34850,24.43340,21.85550,21.12190,20.78580,20.34850,,,,,,,,,,,,,,,,,,,,,,,,,,"Back"
6,"13727877","","093C085",3402903,"1",2013,160,"SX",100.00,,,,,,,,,,,19.00,6.39000,16.99430,,14.79740,25.23,100.01,5.000000,26.83130,24.27560,23.38760,22.99630,22.51070,26.83130,24.27560,23.38760,22.99630,22.51070,,,,,,,,,,,,,,,,,,,,,,,,,,"Ref"
6,"13727877","","093C085",3402903,"1",2023,170,"SX",100.00,,,,,,,,,,,19.00,6.39000,18.03962,,15.00920,25.04,103.48,5.095230,27.89600,25.22410,24.27110,23.85830,23.35400,27.89600,25.22410,24.27110,23.85830,23.35400,,,,,,,,,,,,,,,,,,,,,,,,,,"Frwd"
6,"13727877","","093C085",3402903,"1",2033,180,"SX",100.00,,,,,,,,,,,19.00,6.39000,19.03523,,15.13730,24.75,107.23,5.160460,28.64740,25.86900,24.86060,24.42900,23.91160,28.64740,25.86900,24.86060,24.42900,23.91160,,,,,,,,,,,,,,,,,,,,,,,,,,"Frwd"
6,"13727877","","093C085",3402903,"1",2043,190,"SX",100.00,,,,,,,,,,,19.00,6.39000,19.98222,,15.18840,24.49,110.15,5.186610,29.00120,26.14980,25.10040,24.65340,24.13040,29.00120,26.14980,25.10040,24.65340,24.13040,,,,,,,,,,,,,,,,,,,,,,,,,,"Frwd"
6,"13727877","","093C085",3402903,"1",2053,200,"SX",100.00,,,,,,,,,,,19.00,6.39000,20.88207,,15.15710,24.23,112.15,5.172790,28.92860,26.04210,24.96810,24.50950,23.98870,28.92860,26.04210,24.96810,24.50950,23.98870,,,,,,,,,,,,,,,,,,,,,,,,,,"Frwd"
6,"13727877","","093C085",3402903,"1",2063,210,"SX",100.00,,,,,,,,,,,19.00,6.39000,21.73654,,15.14000,24.08,113.21,5.155350,28.84110,25.93590,24.83620,24.36530,23.84660,28.84110,25.93590,24.83620,24.36530,23.84660,,,,,,,,,,,,,,,,,,,,,,,,,,"Frwd"
6,"13727877","","093C085",3402903,"1",2073,220,"SX",100.00,,,,,,,,,,,19.00,6.39000,22.54757,,15.13680,24.01,113.43,5.134480,28.73960,25.83230,24.70550,24.22120,23.70460,28.73960,25.83230,24.70550,24.22120,23.70460,,,,,,,,,,,,,,,,,,,,,,,,,,"Frwd"
6,"13727877","","093C085",3402903,"1",2083,230,"SX",100.00,,,,,,,,,,,19.00,6.39000,23.31717,,15.14580,24.01,112.86,5.110640,28.62590,25.73150,24.57620,24.07790,23.56340,28.62590,25.73150,24.57620,24.07790,23.56340,,,,,,,,,,,,,,,,,,,,,,,,,,"Frwd"
6,"13727877","","093C085",3402903,"1",2093,240,"SX",100.00,,,,,,,,,,,19.00,6.39000,24.04743,,15.15640,24.03,112.18,5.087270,28.51480,25.63510,24.45180,23.93930,23.42650,28.51480,25.63510,24.45180,23.93930,23.42650,,,,,,,,,,,,,,,,,,,,,,,,,,"Frwd"
6,"13727877","","093C085",3402903,"1",2103,250,"SX",100.00,,,,,,,,,,,19.00,6.39000,24.74038,,15.16640,24.05,111.53,5.064970,28.40870,25.54290,24.33230,23.80580,23.29500,28.40870,25.54290,24.33230,23.80580,23.29500,,,,,,,,,,,,,,,,,,,,,,,,,,"Frwd"
7,"14330826","","093G045",85306886,"1",1913,0,"SB",100.00,,,,,,,,,,,31.00,5.64000,0.00000,,,,,,,,,,,,,,,,,,,,,,,,,,,,,,,,,,,,,,,,,"Back"
7,"14330826","","093G045",85306886,"1",1923,10,"SB",100.00,,,,,,,,,,,31.00,5.64000,0.28123,,,,,,,,,,,,,,,,,,,,,,,,,,,,,,,,,,,,,,,,,"Back"
7,"14330826","","093G045",85306886,"1",1933,20,"SB",100.00,,,,,,,,,,,31.00,5.64000,1.12493,,,,,,,,,,,,,,,,,,,,,,,,,,,,,,,,,,,,,,,,,"Back"
7,"14330826","","093G045",85306886,"1",1943,30,"SB",100.00,,,,,,,,,,,31.00,5.64000,2.01792,,,,,,,,,,,,,,,,,,,,,,,,,,,,,,,,,,,,,,,,,"Back"
7,"14330826","","093G045",85306886,"1",1953,40,"SB",100.00,,,,,,,,,,,31.00,5.64000,2.90596,,,,,,,,,,,,,,,,,,,,,,,,,,,,,,,,,,,,,,,,,"Back"
7,"14330826","","093G045",85306886,"1",1963,50,"SB",100.00,,,,,,,,,,,31.00,5.64000,3.79696,,,,,,,,,,,,,,,,,,,,,,,,,,,,,,,,,,,,,,,,,"Back"
7,"14330826","","093G045",85306886,"1",1973,60,"SB",100.00,,,,,,,,,,,31.00,5.64000,4.68092,,,,,,,,,,,,,,,,,,,,,,,,,,,,,,,,,,,,,,,,,"Back"
7,"14330826","","093G045",85306886,"1",1983,70,"SB",100.00,,,,,,,,,,,31.00,5.64000,5.55347,,,,,,,,,,,,,,,,,,,,,,,,,,,,,,,,,,,,,,,,,"Back"
7,"14330826","","093G045",85306886,"1",1993,80,"SB",100.00,,,,,,,,,,,31.00,5.64000,6.41233,,,,,,,,,,,,,,,,,,,,,,,,,,,,,,,,,,,,,,,,,"Back"
7,"14330826","","093G045",85306886,"1",2003,90,"SB",100.00,,,,,,,,,,,31.00,5.64000,7.25621,,,,,,,,,,,,,,,,,,,,,,,,,,,,,,,,,,,,,,,,,"Back"
7,"14330826","","093G045",85306886,"1",2013,100,"SB",100.00,,,,,,,,,,,31.00,5.64000,8.08439,,6.96190,9.07,196.00,1.265890,3.60340,0.11790,0.11690,0.11640,0.11410,3.60340,0.11790,0.11690,0.11640,0.11410,,,,,,,,,,,,,,,,,,,,,,,,,,"Ref"
7,"14330826","","093G045",85306886,"1",2023,110,"SB",100.00,,,,,,,,,,,31.00,5.64000,8.89650,,7.46080,9.84,245.39,1.866210,5.63240,1.20680,1.19400,1.18520,1.16110,5.63240,1.20680,1.19400,1.18520,1.16110,,,,,,,,,,,,,,,,,,,,,,,,,,"Frwd"
7,"14330826","","093G045",85306886,"1",2033,120,"SB",100.00,,,,,,,,,,,31.00,5.64000,9.69240,,8.02190,10.59,271.22,2.390270,7.70680,2.21480,2.18800,2.17030,2.12600,7.70680,2.21480,2.18800,2.17030,2.12600,,,,,,,,,,,,,,,,,,,,,,,,,,"Frwd"
7,"14330826","","093G045",85306886,"1",2043,130,"SB",100.00,,,,,,,,,,,31.00,5.64000,10.47208,,8.59960,11.31,286.06,2.872410,9.88930,3.57570,3.52650,3.49570,3.42420,9.88930,3.57570,3.52650,3.49570,3.42420,,,,,,,,,,,,,,,,,,,,,,,,,,"Frwd"
7,"14330826","","093G045",85306886,"1",2053,140,"SB",100.00,,,,,,,,,,,31.00,5.64000,11.23567,,9.16710,11.94,298.63,3.346240,12.25960,5.24280,5.16190,5.11390,5.00890,12.25960,5.24280,5.16190,5.11390,5.00890,,,,,,,,,,,,,,,,,,,,,,,,,,"Frwd"
7,"14330826","","093G045",85306886,"1",2063,150,"SB",100.00,,,,,,,,,,,31.00,5.64000,11.98334,,9.64300,12.47,306.13,3.741150,14.40030,6.91450,6.79640,6.72930,6.59100,14.40030,6.91450,6.79640,6.72930,6.59100,,,,,,,,,,,,,,,,,,,,,,,,,,"Frwd"
7,"14330826","","093G045",85306886,"1",2073,160,"SB",100.00,,,,,,,,,,,31.00,5.64000,12.71534,,9.98340,12.85,309.56,4.015500,15.98960,8.24360,8.09020,8.00570,7.84090,15.98960,8.24360,8.09020,8.00570,7.84090,,,,,,,,,,,,,,,,,,,,,,,,,,"Frwd"
7,"14330826","","093G045",85306886,"1",2083,170,"SB",100.00,,,,,,,,,,,31.00,5.64000,13.43193,,10.22100,13.07,312.73,4.195610,17.11330,9.16030,8.97760,8.87900,8.69580,17.11330,9.16030,8.97760,8.87900,8.69580,,,,,,,,,,,,,,,,,,,,,,,,,,"Frwd"
7,"14330826","","093G045",85306886,"1",2093,180,"SB",100.00,,,,,,,,,,,31.00,5.64000,14.13343,,10.38510,13.17,315.96,4.304150,17.86480,9.72330,9.51790,9.40860,9.21420,17.86480,9.72330,9.51790,9.40860,9.21420,,,,,,,,,,,,,,,,,,,,,,,,,,"Frwd"
7,"14330826","","093G045",85306886,"1",2103,190,"SB",100.00,,,,,,,,,,,31.00,5.64000,14.82014,,10.50590,13.24,316.88,4.361760,18.33680,10.09220,9.86740,9.74920,9.54730,18.33680,10.09220,9.86740,9.74920,9.54730,,,,,,,,,,,,,,,,,,,,,,,,,,"Frwd"
7,"14330826","","093G045",85306886,"1",2113,200,"SB",100.00,,,,,,,,,,,31.00,5.64000,15.49240,,10.59660,13.29,316.10,4.384070,18.60700,10.32290,10.08150,9.95570,9.74910,18.60700,10.32290,10.08150,9.95570,9.74910,,,,,,,,,,,,,,,,,,,,,,,,,,"Frwd"
7,"14330826","","093G045",85306886,"1",2123,210,"SB",100.00,,,,,,,,,,,31.00,5.64000,16.15053,,10.60760,13.27,313.19,4.334680,18.42710,10.20260,9.95390,9.82420,9.62010,18.42710,10.20260,9.95390,9.82420,9.62010,,,,,,,,,,,,,,,,,,,,,,,,,,"Frwd"
7,"14330826","","093G045",85306886,"1",2133,220,"SB",100.00,,,,,,,,,,,31.00,5.64000,16.79489,,10.62130,13.27,309.59,4.282190,18.23490,10.09130,9.83530,9.70170,9.49980,18.23490,10.09130,9.83530,9.70170,9.49980,,,,,,,,,,,,,,,,,,,,,,,,,,"Frwd"
7,"14330826","","093G045",85306886,"1",2143,230,"SB",100.00,,,,,,,,,,,31.00,5.64000,17.42581,,10.63680,13.27,305.58,4.228520,18.03810,9.98700,9.72370,9.58620,9.38650,18.03810,9.98700,9.72370,9.58620,9.38650,,,,,,,,,,,,,,,,,,,,,,,,,,"Frwd"
7,"14330826","","093G045",85306886,"1",2153,240,"SB",100.00,,,,,,,,,,,31.00,5.64000,18.04363,,10.65180,13.28,301.79,4.177600,17.85120,9.88790,9.61760,9.47650,9.27880,17.85120,9.88790,9.61760,9.47650,9.27880,,,,,,,,,,,,,,,,,,,,,,,,,,"Frwd"
7,"14330826","","093G045",85306886,"1",2163,250,"SB",100.00,,,,,,,,,,,31.00,5.64000,18.64868,,10.66620,13.28,298.20,4.129300,17.67360,9.79360,9.51660,9.37170,9.17570,17.67360,9.79360,9.51660,9.37170,9.17570,,,,,,,,,,,,,,,,,,,,,,,,,,"Frwd"
8,"14473383","","092G028",7489355,"1",1907,0,"CW",65.00,"HW",30.00,"FD",5.00,,,,,,,87.00,24.23000,0.00000,,,,,,,,,,,,,,,,,,,,,,,,,,,,,,,,,,,,,,,,,"Back"
8,"14473383","","092G028",7489355,"1",1917,10,"CW",65.00,"HW",30.00,"FD",5.00,,,,,,,87.00,24.23000,1.44044,,,,,,,,,,,,,,,,,,,,,,,,,,,,,,,,,,,,,,,,,"Back"
8,"14473383","","092G028",7489355,"1",1927,20,"CW",65.00,"HW",30.00,"FD",5.00,,,,,,,87.00,24.23000,6.44088,,,,,,,,,,,,,,,,,,,,,,,,,,,,,,,,,,,,,,,,,"Back"
8,"14473383","","092G028",7489355,"1",1937,30,"CW",65.00,"HW",30.00,"FD",5.00,,,,,,,87.00,24.23000,11.64291,,11.05820,12.79,1875.90,24.106071,120.35320,69.73190,68.23590,67.47590,64.08100,76.98550,44.87160,43.46620,42.74450,40.34740,36.24730,18.68990,18.61450,18.58150,17.83160,7.12040,6.17040,6.15520,6.14990,5.90200,,,,,,,,,,,,,,,,"Back"
8,"14473383","","092G028",7489355,"1",1947,40,"CW",65.00,"HW",30.00,"FD",5.00,,,,,,,87.00,24.23000,16.39987,,15.58530,15.77,1914.47,37.393768,257.34509,190.07889,184.18030,181.91820,172.40671,162.73190,121.88530,116.38070,114.24340,107.50360,79.95850,54.85560,54.51500,54.40370,52.17250,14.65470,13.33800,13.28460,13.27110,12.73060,,,,,,,,,,,,,,,,"Back"
8,"14473383","","092G028",7489355,"1",1957,50,"CW",65.00,"HW",30.00,"FD",5.00,,,,,,,87.00,24.23000,20.65432,,19.64570,19.20,1650.83,47.787849,397.83029,332.71198,319.01062,314.56180,297.43127,248.44490,209.70230,197.06390,192.90739,180.88739,127.11240,102.13640,101.19220,100.92500,96.67100,22.27300,20.87330,20.75450,20.72940,19.87290,,,,,,,,,,,,,,,,"Back"
8,"14473383","","092G028",7489355,"1",1967,60,"CW",65.00,"HW",30.00,"FD",5.00,,,,,,,87.00,24.23000,24.41987,,23.25000,22.85,1375.17,56.392487,531.97241,472.33337,448.36823,441.37592,416.39230,328.44870,292.69769,270.93820,264.51019,247.19110,173.95329,151.49699,149.49870,148.97380,142.48041,29.57040,28.13870,27.93130,27.89190,26.72080,,,,,,,,,,,,,,,,"Back"
8,"14473383","","092G028",7489355,"1",1977,70,"CW",65.00,"HW",30.00,"FD",5.00,,,,,,,87.00,24.23000,27.73257,,26.42910,26.58,1148.30,63.702942,656.10059,600.56921,565.05988,555.43616,522.92499,401.26257,367.24008,335.58530,326.90921,304.62180,218.47231,198.42671,194.88850,193.99731,185.24721,36.36570,34.90240,34.58610,34.52960,33.05600,,,,,,,,,,,,,,,,"Back"
8,"14473383","","092G028",7489355,"1",1987,80,"CW",65.00,"HW",30.00,"FD",5.00,,,,,,,87.00,24.23000,30.63546,,29.22130,30.28,972.23,70.012619,769.22162,716.16199,668.62280,656.40369,616.89899,466.93991,433.62262,392.03610,381.24191,354.40839,259.69031,241.44211,235.93269,234.58430,223.67270,42.59140,41.09730,40.65400,40.57750,38.81790,,,,,,,,,,,,,,,,"Back"
8,"14473383","","092G028",7489355,"1",1997,90,"CW",65.00,"HW",30.00,"FD",5.00,,,,,,,87.00,24.23000,33.17229,,30.19790,34.00,833.50,75.656433,832.52893,782.46338,726.68500,712.05389,668.40222,493.16461,460.01471,412.77420,400.22580,371.45972,291.84039,276.39951,268.44690,266.46909,253.59909,47.52390,46.04920,45.46390,45.35900,43.34340,,,,,,,,,,,,,,,,"Frwd"
8,"14473383","","092G028",7489355,"1",2007,100,"CW",65.00,"HW",30.00,"FD",5.00,,,,,,,87.00,24.23000,35.38478,,32.32550,38.86,689.83,81.804626,920.30664,871.33258,802.88232,785.20129,735.61646,549.19702,516.52179,459.16159,444.24002,411.29431,318.20871,303.40228,293.07248,290.45340,276.10388,52.90090,51.40850,50.64830,50.50790,48.21830,,,,,,,,,,,,,,,,"Frwd"
8,"14473383","","092G028",7489355,"1",2017,110,"CW",65.00,"HW",30.00,"FD",5.00,,,,,,,87.00,24.23000,37.31152,,34.29340,44.40,563.94,87.318199,995.81506,947.52673,866.40894,845.36401,790.35803,598.74945,566.14490,498.92990,481.45438,444.61981,339.52719,325.33420,312.38531,309.00040,293.36899,57.53840,56.04760,55.09370,54.90920,52.36920,,,,,,,,,,,,,,,,"Frwd"
8,"14473383","","092G028",7489355,"1",2027,120,"CW",65.00,"HW",30.00,"FD",5.00,,,,,,,87.00,24.23000,38.98744,,36.06230,50.40,461.33,92.030388,1058.71582,1010.81262,917.15375,892.30493,832.43457,641.44061,608.70142,531.97418,511.65292,471.24750,355.89169,342.19940,326.42828,322.13739,305.43271,61.38350,59.91180,58.75130,58.51460,55.75440,,,,,,,,,,,,,,,,"Frwd"
8,"14473383","","092G028",7489355,"1",2037,130,"CW",65.00,"HW",30.00,"FD",5.00,,,,,,,87.00,24.23000,40.44385,,37.58400,56.09,387.83,95.830032,1111.24963,1063.46423,957.60553,928.66400,864.51093,678.07513,645.10883,559.32385,535.97577,492.36389,368.64700,355.27173,336.56970,331.27002,313.67621,64.52750,63.08370,61.71200,61.41820,58.47080,,,,,,,,,,,,,,,,"Frwd"
8,"14473383","","092G028",7489355,"1",2047,140,"CW",65.00,"HW",30.00,"FD",5.00,,,,,,,87.00,24.23000,41.70857,,38.82600,60.32,345.85,98.835976,1158.92798,1110.88159,993.40430,960.60425,892.68610,711.46344,678.12018,583.78784,557.61707,511.16269,380.13168,366.85129,345.28592,339.00519,320.65051,67.33280,65.91010,64.33050,63.98200,60.87290,,,,,,,,,,,,,,,,"Frwd"
8,"14473383","","092G028",7489355,"1",2057,150,"CW",65.00,"HW",30.00,"FD",5.00,,,,,,,87.00,24.23000,42.80616,,39.74950,63.02,323.95,101.049957,1197.92432,1149.49341,1021.70862,985.61560,914.72467,738.86011,705.14520,603.28546,574.72430,526.00391,389.42670,376.12091,351.96951,344.83490,325.90179,69.63750,68.22729,66.45370,66.05640,62.81900,,,,,,,,,,,,,,,,"Frwd"
8,"14473383","","092G028",7489355,"1",2067,160,"CW",65.00,"HW",30.00,"FD",5.00,,,,,,,87.00,24.23000,43.75825,,40.36330,64.30,315.69,102.521957,1226.72473,1177.88428,1041.51953,1002.86932,929.89520,759.10791,725.08221,616.98956,586.57483,536.24359,396.17728,382.77121,356.44501,348.64600,329.33362,71.43960,70.03080,68.08500,67.64850,64.31800,,,,,,,,,,,,,,,,"Frwd"
8,"14473383","","092G028",7489355,"1",2077,170,"CW",65.00,"HW",30.00,"FD",5.00,,,,,,,87.00,24.23000,44.58378,,40.77870,65.01,312.23,103.654175,1248.57446,1199.35571,1055.47766,1014.63232,940.11743,774.62653,740.33105,626.85413,594.86713,543.33020,401.16040,387.64578,359.35181,350.96771,331.38971,72.78760,71.37890,69.27170,68.79750,65.39750,,,,,,,,,,,,,,,,"Frwd"
8,"14473383","","092G028",7489355,"1",2087,180,"CW",65.00,"HW",30.00,"FD",5.00,,,,,,,87.00,24.23000,45.29934,,41.07400,65.74,308.52,104.710953,1265.83289,1216.29968,1065.43188,1022.40533,946.63574,787.00610,752.47870,634.10522,600.57922,548.05670,404.96649,391.36990,361.14011,352.15289,332.36252,73.86030,72.45110,70.18650,69.67320,66.21650,,,,,,,,,,,,,,,,"Frwd"
8,"14473383","","092G028",7489355,"1",2097,190,"CW",65.00,"HW",30.00,"FD",5.00,,,,,,,87.00,24.23000,45.91939,,41.28640,66.49,304.46,105.729401,1279.97021,1230.16357,1072.67212,1027.44775,950.61511,797.20508,762.46790,639.55640,604.50146,551.14423,408.02420,394.36481,362.20471,352.58948,332.61880,74.74090,73.33090,70.91100,70.35680,66.85210,,,,,,,,,,,,,,,,"Frwd"
8,"14473383","","092G028",7489355,"1",2107,200,"CW",65.00,"HW",30.00,"FD",5.00,,,,,,,87.00,24.23000,46.45656,,41.44180,67.30,300.03,106.737282,1292.04700,1241.99451,1078.11877,1030.65149,953.00378,805.91467,770.98029,643.78772,607.19305,553.22650,410.62088,396.91458,362.80533,352.52921,332.39520,75.51150,74.09960,71.52570,70.92920,67.38210,,,,,,,,,,,,,,,,"Frwd"
8,"14473383","","092G028",7489355,"1",2117,210,"CW",65.00,"HW",30.00,"FD",5.00,,,,,,,87.00,24.23000,46.92183,,41.48030,68.04,296.05,107.635094,1300.14941,1249.88379,1080.28687,1030.68555,952.49756,811.21899,776.10217,645.30719,607.30389,552.97870,412.92468,399.19269,363.10791,352.14819,331.86020,76.00580,74.58890,71.87170,71.23340,67.65860,,,,,,,,,,,,,,,,"Frwd"
8,"14473383","","092G028",7489355,"1",2127,220,"CW",65.00,"HW",30.00,"FD",5.00,,,,,,,87.00,24.23000,47.32475,,41.50840,68.80,291.95,108.520950,1307.72046,1257.25281,1082.01611,1030.25073,951.55225,816.12555,780.83142,646.54639,607.13245,552.47601,415.17831,401.42459,363.33459,351.66669,331.22461,76.41660,74.99680,72.13510,71.45160,67.85160,,,,,,,,,,,,,,,,"Frwd"
8,"14473383","","092G028",7489355,"1",2137,230,"CW",65.00,"HW",30.00,"FD",5.00,,,,,,,87.00,24.23000,47.67363,,41.53420,69.52,288.08,109.366302,1314.93506,1264.27490,1083.49011,1029.56787,950.38342,820.77899,785.31586,647.63623,606.83032,551.85980,417.30582,403.53290,363.43301,351.04471,330.45572,76.85030,75.42620,72.42090,71.69290,68.06790,,,,,,,,,,,,,,,,"Frwd"
8,"14473383","","092G028",7489355,"1",2147,240,"CW",65.00,"HW",30.00,"FD",5.00,,,,,,,87.00,24.23000,47.97568,,41.55810,70.23,284.41,110.174561,1321.76306,1270.92065,1084.67627,1028.60400,948.95703,825.20258,789.57831,648.59351,606.41400,551.14478,419.34012,405.54840,363.43851,350.32120,329.59122,77.22040,75.79400,72.64420,71.86880,68.22100,,,,,,,,,,,,,,,,"Frwd"
8,"14473383","","092G028",7489355,"1",2157,250,"CW",65.00,"HW",30.00,"FD",5.00,,,,,,,87.00,24.23000,48.23716,,41.58030,70.92,280.90,110.948975,1328.30347,1277.28638,1085.66333,1027.44690,947.35736,829.42078,793.64221,649.43536,605.89935,550.34576,421.26910,407.46082,363.33792,349.47961,328.61420,77.61360,76.18330,72.89010,72.06790,68.39740,,,,,,,,,,,,,,,,"Frwd"
9,"15138818","","093C080",42373828,"1",1913,0,"PLI",100.00,,,,,,,,,,,76.00,9.77000,0.00000,,,,,,,,,,,,,,,,,,,,,,,,,,,,,,,,,,,,,,,,,"Back"
9,"15138818","","093C080",42373828,"1",1923,10,"PLI",100.00,,,,,,,,,,,76.00,9.77000,1.32746,,,,,,,,,,,,,,,,,,,,,,,,,,,,,,,,,,,,,,,,,"Back"
9,"15138818","","093C080",42373828,"1",1933,20,"PLI",100.00,,,,,,,,,,,76.00,9.77000,2.88237,,,,,,,,,,,,,,,,,,,,,,,,,,,,,,,,,,,,,,,,,"Back"
9,"15138818","","093C080",42373828,"1",1943,30,"PLI",100.00,,,,,,,,,,,76.00,9.77000,4.83569,,,,,,,,,,,,,,,,,,,,,,,,,,,,,,,,,,,,,,,,,"Back"
9,"15138818","","093C080",42373828,"1",1953,40,"PLI",100.00,,,,,,,,,,,76.00,9.77000,6.72238,,,,,,,,,,,,,,,,,,,,,,,,,,,,,,,,,,,,,,,,,"Back"
9,"15138818","","093C080",42373828,"1",1963,50,"PLI",100.00,,,,,,,,,,,76.00,9.77000,8.42162,,,,,,,,,,,,,,,,,,,,,,,,,,,,,,,,,,,,,,,,,"Back"
9,"15138818","","093C080",42373828,"1",1973,60,"PLI",100.00,,,,,,,,,,,76.00,9.77000,9.90946,,7.93880,10.66,1388.37,12.401460,43.22830,12.36170,12.24960,12.21710,11.96990,43.22830,12.36170,12.24960,12.21710,11.96990,,,,,,,,,,,,,,,,,,,,,,,,,,"Back"
9,"15138818","","093C080",42373828,"1",1983,70,"PLI",100.00,,,,,,,,,,,76.00,9.77000,11.19743,,9.11380,11.59,1571.86,16.574440,67.10950,26.87760,26.56430,26.47540,25.93780,67.10950,26.87760,26.56430,26.47540,25.93780,,,,,,,,,,,,,,,,,,,,,,,,,,"Back"
9,"15138818","","093C080",42373828,"1",1993,80,"PLI",100.00,,,,,,,,,,,76.00,9.77000,12.30868,,10.14470,12.53,1602.07,19.753519,89.38760,45.83320,45.16570,44.97900,44.06250,89.38760,45.83320,45.16570,44.97900,44.06250,,,,,,,,,,,,,,,,,,,,,,,,,,"Back"
9,"15138818","","093C080",42373828,"1",2003,90,"PLI",100.00,,,,,,,,,,,76.00,9.77000,13.26829,,11.04640,13.46,1562.94,22.240120,109.58260,66.61590,65.43230,65.10370,63.77150,109.58260,66.61590,65.43230,65.10370,63.77150,,,,,,,,,,,,,,,,,,,,,,,,,,"Back"
9,"15138818","","093C080",42373828,"1",2013,100,"PLI",100.00,,,,,,,,,,,76.00,9.77000,14.09951,,11.83540,14.36,1495.26,24.219360,127.58910,87.03000,85.18060,84.66880,82.92820,127.58910,87.03000,85.18060,84.66880,82.92820,,,,,,,,,,,,,,,,,,,,,,,,,,"Back"
9,"15138818","","093C080",42373828,"1",2023,110,"PLI",100.00,,,,,,,,,,,76.00,9.77000,14.82254,,12.50070,15.13,1408.79,25.325319,140.74500,103.15810,100.61920,99.91780,97.85470,140.74500,103.15810,100.61920,99.91780,97.85470,,,,,,,,,,,,,,,,,,,,,,,,,,"Frwd"
9,"15138818","","093C080",42373828,"1",2033,120,"PLI",100.00,,,,,,,,,,,76.00,9.77000,15.45447,,13.06970,15.76,1332.00,25.983540,151.01300,115.90950,112.63040,111.72610,109.40780,151.01300,115.90950,112.63040,111.72610,109.40780,,,,,,,,,,,,,,,,,,,,,,,,,,"Frwd"
9,"15138818","","093C080",42373828,"1",2043,130,"PLI",100.00,,,,,,,,,,,76.00,9.77000,16.00951,,13.56740,16.28,1277.90,26.598579,160.69411,127.27309,123.20400,122.08380,119.53830,160.69411,127.27309,123.20400,122.08380,119.53830,,,,,,,,,,,,,,,,,,,,,,,,,,"Frwd"
9,"15138818","","093C080",42373828,"1",2053,140,"PLI",100.00,,,,,,,,,,,76.00,9.77000,16.49942,,14.00320,16.70,1240.89,27.167150,169.79449,137.44769,132.55280,131.20781,128.45889,169.79449,137.44769,132.55280,131.20781,128.45889,,,,,,,,,,,,,,,,,,,,,,,,,,"Frwd"
9,"15138818","","093C080",42373828,"1",2063,150,"PLI",100.00,,,,,,,,,,,76.00,9.77000,16.93394,,14.33820,17.00,1217.75,27.633251,177.24240,145.52850,139.83150,138.26830,135.35780,177.24240,145.52850,139.83150,138.26830,135.35780,,,,,,,,,,,,,,,,,,,,,,,,,,"Frwd"
9,"15138818","","093C080",42373828,"1",2073,160,"PLI",100.00,,,,,,,,,,,76.00,9.77000,17.32110,,14.57170,17.18,1206.71,27.979139,182.79390,151.32759,144.89220,143.12801,140.10150,182.79390,151.32759,144.89220,143.12801,140.10150,,,,,,,,,,,,,,,,,,,,,,,,,,"Frwd"
9,"15138818","","093C080",42373828,"1",2083,170,"PLI",100.00,,,,,,,,,,,76.00,9.77000,17.66761,,14.73610,17.31,1200.04,28.227991,186.81891,155.48761,148.36151,146.40840,143.29880,186.81891,155.48761,148.36151,146.40840,143.29880,,,,,,,,,,,,,,,,,,,,,,,,,,"Frwd"
9,"15138818","","093C080",42373828,"1",2093,180,"PLI",100.00,,,,,,,,,,,76.00,9.77000,17.97903,,14.85550,17.42,1191.68,28.407770,189.64279,158.55220,150.75980,148.62129,145.45030,189.64279,158.55220,150.75980,148.62129,145.45030,,,,,,,,,,,,,,,,,,,,,,,,,,"Frwd"
9,"15138818","","093C080",42373828,"1",2103,190,"PLI",100.00,,,,,,,,,,,76.00,9.77000,18.26002,,14.94340,17.53,1181.87,28.540461,191.60541,160.83929,152.39780,150.07539,146.85851,191.60541,160.83929,152.39780,150.07539,146.85851,,,,,,,,,,,,,,,,,,,,,,,,,,"Frwd"
9,"15138818","","093C080",42373828,"1",2113,200,"PLI",100.00,,,,,,,,,,,76.00,9.77000,18.51450,,15.00940,17.65,1170.66,28.641310,192.95151,162.58090,153.50130,150.99431,147.74260,192.95151,162.58090,153.50130,150.99431,147.74260,,,,,,,,,,,,,,,,,,,,,,,,,,"Frwd"
9,"15138818","","093C080",42373828,"1",2123,210,"PLI",100.00,,,,,,,,,,,76.00,9.77000,18.74579,,15.01860,17.74,1160.23,28.675131,192.92410,162.96980,153.32640,150.65070,147.39130,192.92410,162.96980,153.32640,150.65070,147.39130,,,,,,,,,,,,,,,,,,,,,,,,,,"Frwd"
9,"15138818","","093C080",42373828,"1",2133,220,"PLI",100.00,,,,,,,,,,,76.00,9.77000,18.95669,,15.02850,17.83,1149.11,28.705570,192.86591,163.34691,153.13370,150.28430,147.01750,192.86591,163.34691,153.13370,150.28430,147.01750,,,,,,,,,,,,,,,,,,,,,,,,,,"Frwd"
9,"15138818","","093C080",42373828,"1",2143,230,"PLI",100.00,,,,,,,,,,,76.00,9.77000,19.14960,,15.03810,17.93,1138.46,28.729660,192.78391,163.67490,152.89220,149.86630,146.59280,192.78391,163.67490,152.89220,149.86630,146.59280,,,,,,,,,,,,,,,,,,,,,,,,,,"Frwd"
9,"15138818","","093C080",42373828,"1",2153,240,"PLI",100.00,,,,,,,,,,,76.00,9.77000,19.32658,,15.04750,18.01,1128.23,28.748270,192.68240,163.95979,152.60870,149.40309,146.12410,192.68240,163.95979,152.60870,149.40309,146.12410,,,,,,,,,,,,,,,,,,,,,,,,,,"Frwd"
9,"15138818","","093C080",42373828,"1",2163,250,"PLI",100.00,,,,,,,,,,,76.00,9.77000,19.48939,,15.05660,18.10,1118.43,28.762171,192.56450,164.20709,152.28880,148.90070,145.61650,192.56450,164.20709,152.28880,148.90070,145.61650,,,,,,,,,,,,,,,,,,,,,,,,,,"Frwd"
